arc,number,magnet,size
Romance Dawn,,magnet:?xt=urn:btih:cdab4a928dbbff643bbe5531f216eb36a60c85af&dn=%5BOne%20Pace%5D%5B1-7%5D%20Romance%20Dawn%20%5B1080p%5D&tr=http%3A%2F%2Fnyaa.tracker.wf%3A7777%2Fannounce&tr=udp%3A%2F%2Fopen.stealth.si%3A80%2Fannounce&tr=udp%3A%2F%2Ftracker.opentrackr.org%3A1337%2Fannounce&tr=udp%3A%2F%2Fexodus.desync.com%3A6969%2Fannounce&tr=udp%3A%2F%2Ftracker.torrent.eu.org%3A451%2Fannounce,2181693144
Orange Town,,magnet:?xt=urn:btih:35f4c7c850dd11fac6f55dc5dfd6633e0e3f406f&dn=%5BOne%20Pace%5D%5B8-21%5D%20Orange%20Town%20%5B1080p%5D&tr=http%3A%2F%2Fnyaa.tracker.wf%3A7777%2Fannounce&tr=udp%3A%2F%2Fopen.stealth.si%3A80%2Fannounce&tr=udp%3A%2F%2Ftracker.opentrackr.org%3A1337%2Fannounce&tr=udp%3A%2F%2Fexodus.desync.com%3A6969%2Fannounce&tr=udp%3A%2F%2Ftracker.torrent.eu.org%3A451%2Fannounce,2414544867
Syrup Village,,magnet:?xt=urn:btih:f6c32b46bb55924888aed6815bfa0edb7287a45e&dn=%5BOne%20Pace%5D%5B23-41%5D%20Syrup%20Village%20%5B1080p%5D&tr=http%3A%2F%2Fnyaa.tracker.wf%3A7777%2Fannounce&tr=udp%3A%2F%2Fopen.stealth.si%3A80%2Fannounce&tr=udp%3A%2F%2Ftracker.opentrackr.org%3A1337%2Fannounce&tr=udp%3A%2F%2Fexodus.desync.com%3A6969%2Fannounce&tr=udp%3A%2F%2Ftracker.torrent.eu.org%3A451%2Fannounce,4450106916
Gaimon,,magnet:?xt=urn:btih:8ef4ef99b9aed84a0111114f9efd830ced8046ae&dn=%5BOne%20Pace%5D%5B42%2C22%5D%20Gaimon%2001%20%5B1080p%5D%5BF4754074%5D.mkv&tr=http%3A%2F%2Fnyaa.tracker.wf%3A7777%2Fannounce&tr=udp%3A%2F%2Fopen.stealth.si%3A80%2Fannounce&tr=udp%3A%2F%2Ftracker.opentrackr.org%3A1337%2Fannounce&tr=udp%3A%2F%2Fexodus.desync.com%3A6969%2Fannounce&tr=udp%3A%2F%2Ftracker.torrent.eu.org%3A451%2Fannounce,588001396
Baratie,01,magnet:?xt=urn:btih:1dd4173b425487b4224493565739d85083bed570&dn=%5BOne%20Pace%5D%5B42-44%5D%20Baratie%2001%20%5B1080p%5D%5BBE634289%5D.mkv&tr=http%3A%2F%2Fnyaa.tracker.wf%3A7777%2Fannounce&tr=udp%3A%2F%2Fopen.stealth.si%3A80%2Fannounce&tr=udp%3A%2F%2Ftracker.opentrackr.org%3A1337%2Fannounce&tr=udp%3A%2F%2Fexodus.desync.com%3A6969%2Fannounce&tr=udp%3A%2F%2Ftracker.torrent.eu.org%3A451%2Fannounce,712002925
Baratie,02,magnet:?xt=urn:btih:6cf2faf6f5d96a58dfd846070dd098d18d324642&dn=%5BOne%20Pace%5D%5B45-47%5D%20Baratie%2002%20%5B1080p%5D%5B9BD35F80%5D.mkv&tr=http%3A%2F%2Fnyaa.tracker.wf%3A7777%2Fannounce&tr=udp%3A%2F%2Fopen.stealth.si%3A80%2Fannounce&tr=udp%3A%2F%2Ftracker.opentrackr.org%3A1337%2Fannounce&tr=udp%3A%2F%2Fexodus.desync.com%3A6969%2Fannounce&tr=udp%3A%2F%2Ftracker.torrent.eu.org%3A451%2Fannounce,718002606
Baratie,03,magnet:?xt=urn:btih:5d546b5605ed333d87ecc858e6a4a2ed2675d52e&dn=%5BOne%20Pace%5D%5B48-52%5D%20Baratie%2003%20%5B1080p%5D%5BE90342F6%5D.mkv&tr=http%3A%2F%2Fnyaa.tracker.wf%3A7777%2Fannounce&tr=udp%3A%2F%2Fopen.stealth.si%3A80%2Fannounce&tr=udp%3A%2F%2Ftracker.opentrackr.org%3A1337%2Fannounce&tr=udp%3A%2F%2Fexodus.desync.com%3A6969%2Fannounce&tr=udp%3A%2F%2Ftracker.torrent.eu.org%3A451%2Fannounce,876482107
Baratie,04,magnet:?xt=urn:btih:393ba7ec5e3de1e091e58e75347eab1c80785de2&dn=%5BOne%20Pace%5D%5B53-55%5D%20Baratie%2004%20%5B1080p%5D%5B792BE789%5D.mkv&tr=http%3A%2F%2Fnyaa.tracker.wf%3A7777%2Fannounce&tr=udp%3A%2F%2Fopen.stealth.si%3A80%2Fannounce&tr=udp%3A%2F%2Ftracker.opentrackr.org%3A1337%2Fannounce&tr=udp%3A%2F%2Fexodus.desync.com%3A6969%2Fannounce&tr=udp%3A%2F%2Ftracker.torrent.eu.org%3A451%2Fannounce,597470538
Baratie,05,magnet:?xt=urn:btih:c2f3bec263a39710ad7654bf9ebb8c06ec1b955c&dn=%5BOne%20Pace%5D%5B56-59%5D%20Baratie%2005%20%5B1080p%5D%5BACEA0537%5D.mkv&tr=http%3A%2F%2Fnyaa.tracker.wf%3A7777%2Fannounce&tr=udp%3A%2F%2Fopen.stealth.si%3A80%2Fannounce&tr=udp%3A%2F%2Ftracker.opentrackr.org%3A1337%2Fannounce&tr=udp%3A%2F%2Fexodus.desync.com%3A6969%2Fannounce&tr=udp%3A%2F%2Ftracker.torrent.eu.org%3A451%2Fannounce,731792196
Baratie,06,magnet:?xt=urn:btih:0697a5ddacdebc624df67961c7d8ca85b61410dc&dn=%5BOne%20Pace%5D%5B59-63%5D%20Baratie%2006%20%5B1080p%5D%5B1375A4F5%5D.mkv&tr=http%3A%2F%2Fnyaa.tracker.wf%3A7777%2Fannounce&tr=udp%3A%2F%2Fopen.stealth.si%3A80%2Fannounce&tr=udp%3A%2F%2Ftracker.opentrackr.org%3A1337%2Fannounce&tr=udp%3A%2F%2Fexodus.desync.com%3A6969%2Fannounce&tr=udp%3A%2F%2Ftracker.torrent.eu.org%3A451%2Fannounce,801745944
Baratie,07,magnet:?xt=urn:btih:fe84c629b8d60ae32672ae37fd1ad58501d88f7e&dn=%5BOne%20Pace%5D%5B63-67%5D%20Baratie%2007%20%5B1080p%5D%5B5B161435%5D.mkv&tr=http%3A%2F%2Fnyaa.tracker.wf%3A7777%2Fannounce&tr=udp%3A%2F%2Fopen.stealth.si%3A80%2Fannounce&tr=udp%3A%2F%2Ftracker.opentrackr.org%3A1337%2Fannounce&tr=udp%3A%2F%2Fexodus.desync.com%3A6969%2Fannounce&tr=udp%3A%2F%2Ftracker.torrent.eu.org%3A451%2Fannounce,877445744
Baratie,08,magnet:?xt=urn:btih:6f5c2abf645aebeeba59f468ebbd24b666cdca4f&dn=%5BOne%20Pace%5D%5B67-68%5D%20Baratie%2008%20%5B1080p%5D%5BA6F61DEE%5D.mkv&tr=http%3A%2F%2Fnyaa.tracker.wf%3A7777%2Fannounce&tr=udp%3A%2F%2Fopen.stealth.si%3A80%2Fannounce&tr=udp%3A%2F%2Ftracker.opentrackr.org%3A1337%2Fannounce&tr=udp%3A%2F%2Fexodus.desync.com%3A6969%2Fannounce&tr=udp%3A%2F%2Ftracker.torrent.eu.org%3A451%2Fannounce,473972246
Arlong Park,01,magnet:?xt=urn:btih:b3aaeeac3f12b5129380d7cd17415edbfbd12689&dn=%5BOne%20Pace%5D%5B69-71%5D%20Arlong%20Park%2001%20%5B1080p%5D%5BC269DEF5%5D.mkv&tr=http%3A%2F%2Fnyaa.tracker.wf%3A7777%2Fannounce&tr=udp%3A%2F%2Fopen.stealth.si%3A80%2Fannounce&tr=udp%3A%2F%2Ftracker.opentrackr.org%3A1337%2Fannounce&tr=udp%3A%2F%2Fexodus.desync.com%3A6969%2Fannounce&tr=udp%3A%2F%2Ftracker.torrent.eu.org%3A451%2Fannounce,753465930
Arlong Park,02,magnet:?xt=urn:btih:43a6cf0635ec1d9513b17a67acc687ac36f919c1&dn=%5BOne%20Pace%5D%5B72-74%5D%20Arlong%20Park%2002%20%5B1080p%5D%5BE419D54E%5D.mkv&tr=http%3A%2F%2Fnyaa.tracker.wf%3A7777%2Fannounce&tr=udp%3A%2F%2Fopen.stealth.si%3A80%2Fannounce&tr=udp%3A%2F%2Ftracker.opentrackr.org%3A1337%2Fannounce&tr=udp%3A%2F%2Fexodus.desync.com%3A6969%2Fannounce&tr=udp%3A%2F%2Ftracker.torrent.eu.org%3A451%2Fannounce,608568439
Arlong Park,03,magnet:?xt=urn:btih:c6ac0931b41840cec35ff81307899cc4d1e2cb69&dn=%5BOne%20Pace%5D%5B74-76%5D%20Arlong%20Park%2003%20%5B1080p%5D%5BCC4900AE%5D.mkv&tr=http%3A%2F%2Fnyaa.tracker.wf%3A7777%2Fannounce&tr=udp%3A%2F%2Fopen.stealth.si%3A80%2Fannounce&tr=udp%3A%2F%2Ftracker.opentrackr.org%3A1337%2Fannounce&tr=udp%3A%2F%2Fexodus.desync.com%3A6969%2Fannounce&tr=udp%3A%2F%2Ftracker.torrent.eu.org%3A451%2Fannounce,620351585
Arlong Park,04,magnet:?xt=urn:btih:0e4c02a3271301f1c2f6460be9e49498bf795b66&dn=%5BOne%20Pace%5D%5B77-78%5D%20Arlong%20Park%2004%20%5B1080p%5D%5BE4D9E965%5D.mkv&tr=http%3A%2F%2Fnyaa.tracker.wf%3A7777%2Fannounce&tr=udp%3A%2F%2Fopen.stealth.si%3A80%2Fannounce&tr=udp%3A%2F%2Ftracker.opentrackr.org%3A1337%2Fannounce&tr=udp%3A%2F%2Fexodus.desync.com%3A6969%2Fannounce&tr=udp%3A%2F%2Ftracker.torrent.eu.org%3A451%2Fannounce,651735094
Arlong Park,05,magnet:?xt=urn:btih:2c0761e2ebd4849d31b8e0fa43e8666d9a339a33&dn=%5BOne%20Pace%5D%5B79-81%5D%20Arlong%20Park%2005%20%5B1080p%5D%5B5D1CA4A2%5D.mkv&tr=http%3A%2F%2Fnyaa.tracker.wf%3A7777%2Fannounce&tr=udp%3A%2F%2Fopen.stealth.si%3A80%2Fannounce&tr=udp%3A%2F%2Ftracker.opentrackr.org%3A1337%2Fannounce&tr=udp%3A%2F%2Fexodus.desync.com%3A6969%2Fannounce&tr=udp%3A%2F%2Ftracker.torrent.eu.org%3A451%2Fannounce,763871543
Arlong Park,06,magnet:?xt=urn:btih:2b8ae89cb5efdb0600c14d20a8b9ea38c9e2f21b&dn=%5BOne%20Pace%5D%5B82-84%5D%20Arlong%20Park%2006%20%5B1080p%5D%5BFCF6BA63%5D.mkv&tr=http%3A%2F%2Fnyaa.tracker.wf%3A7777%2Fannounce&tr=udp%3A%2F%2Fopen.stealth.si%3A80%2Fannounce&tr=udp%3A%2F%2Ftracker.opentrackr.org%3A1337%2Fannounce&tr=udp%3A%2F%2Fexodus.desync.com%3A6969%2Fannounce&tr=udp%3A%2F%2Ftracker.torrent.eu.org%3A451%2Fannounce,616091254
Arlong Park,07,magnet:?xt=urn:btih:03090fbaca642d7a89b95c401ca6f2933ed58830&dn=%5BOne%20Pace%5D%5B85-88%5D%20Arlong%20Park%2007%20%5B1080p%5D%5B4DDEFE2B%5D.mkv&tr=http%3A%2F%2Fnyaa.tracker.wf%3A7777%2Fannounce&tr=udp%3A%2F%2Fopen.stealth.si%3A80%2Fannounce&tr=udp%3A%2F%2Ftracker.opentrackr.org%3A1337%2Fannounce&tr=udp%3A%2F%2Fexodus.desync.com%3A6969%2Fannounce&tr=udp%3A%2F%2Ftracker.torrent.eu.org%3A451%2Fannounce,669362707
Arlong Park,08,magnet:?xt=urn:btih:8ab5827addeacbbcb69e7f39df3a7dfc11c6ccdb&dn=%5BOne%20Pace%5D%5B88-91%5D%20Arlong%20Park%2008%20%5B1080p%5D%5BF43604B6%5D.mkv&tr=http%3A%2F%2Fnyaa.tracker.wf%3A7777%2Fannounce&tr=udp%3A%2F%2Fopen.stealth.si%3A80%2Fannounce&tr=udp%3A%2F%2Ftracker.opentrackr.org%3A1337%2Fannounce&tr=udp%3A%2F%2Fexodus.desync.com%3A6969%2Fannounce&tr=udp%3A%2F%2Ftracker.torrent.eu.org%3A451%2Fannounce,687112486
Arlong Park,09,magnet:?xt=urn:btih:690d5226cc25b26dea711ada6f3243ae02582be7&dn=%5BOne%20Pace%5D%5B91-94%5D%20Arlong%20Park%2009%20%5B1080p%5D%5B0510B910%5D.mkv&tr=http%3A%2F%2Fnyaa.tracker.wf%3A7777%2Fannounce&tr=udp%3A%2F%2Fopen.stealth.si%3A80%2Fannounce&tr=udp%3A%2F%2Ftracker.opentrackr.org%3A1337%2Fannounce&tr=udp%3A%2F%2Fexodus.desync.com%3A6969%2Fannounce&tr=udp%3A%2F%2Ftracker.torrent.eu.org%3A451%2Fannounce,547733116
Arlong Park,10,magnet:?xt=urn:btih:422b7070355ea221f7e73aa6d9dae1c51db818ec&dn=%5BOne%20Pace%5D%5B94-95%5D%20Arlong%20Park%2010%20%5B1080p%5D%5B72F22A68%5D.mkv&tr=http%3A%2F%2Fnyaa.tracker.wf%3A7777%2Fannounce&tr=udp%3A%2F%2Fopen.stealth.si%3A80%2Fannounce&tr=udp%3A%2F%2Ftracker.opentrackr.org%3A1337%2Fannounce&tr=udp%3A%2F%2Fexodus.desync.com%3A6969%2Fannounce&tr=udp%3A%2F%2Ftracker.torrent.eu.org%3A451%2Fannounce,504654767
The Adventures of Buggy's Crew,,magnet:?xt=urn:btih:345dc8abfeb55efe8dda92523d1c85bba154e81f&dn=%5BOne%20Pace%5D%5B35-75%5D%20The%20Adventures%20of%20Buggy%27s%20Crew%20%5B1080p%5D%5B1177A2B6%5D.mkv&tr=http%3A%2F%2Fnyaa.tracker.wf%3A7777%2Fannounce&tr=udp%3A%2F%2Fopen.stealth.si%3A80%2Fannounce&tr=udp%3A%2F%2Ftracker.opentrackr.org%3A1337%2Fannounce&tr=udp%3A%2F%2Fexodus.desync.com%3A6969%2Fannounce&tr=udp%3A%2F%2Ftracker.torrent.eu.org%3A451%2Fannounce,621163960
Loguetown,,magnet:?xt=urn:btih:fc5f605b1fc12f8a14b6176690151ea53bcb7e19&dn=%5BOne%20Pace%5D%5B96-100%5D%20Loguetown%20%5B480p%5D%5BDual-Audio%5D%5BENG-ESP%5D&tr=http%3A%2F%2Fnyaa.tracker.wf%3A7777%2Fannounce&tr=udp%3A%2F%2Fopen.stealth.si%3A80%2Fannounce&tr=udp%3A%2F%2Ftracker.opentrackr.org%3A1337%2Fannounce&tr=udp%3A%2F%2Fexodus.desync.com%3A6969%2Fannounce&tr=udp%3A%2F%2Ftracker.torrent.eu.org%3A451%2Fannounce,714761568
Reverse Mountain,01,magnet:?xt=urn:btih:6a156dd98015e9424aad5a942b097446c47e75cf&dn=%5BOne%20Pace%5D%5B101-102%5D%20Reverse%20Mountain%2001%20%5B1080p%5D%5BEBF6DE81%5D.mkv&tr=http%3A%2F%2Fnyaa.tracker.wf%3A7777%2Fannounce&tr=udp%3A%2F%2Fopen.stealth.si%3A80%2Fannounce&tr=udp%3A%2F%2Ftracker.opentrackr.org%3A1337%2Fannounce&tr=udp%3A%2F%2Fexodus.desync.com%3A6969%2Fannounce&tr=udp%3A%2F%2Ftracker.torrent.eu.org%3A451%2Fannounce,633400854
Reverse Mountain,02,magnet:?xt=urn:btih:5bc92a22773d16e63dc6096af0027caef406ceb1&dn=%5BOne%20Pace%5D%5B103-105%5D%20Reverse%20Mountain%2002%20%5B1080p%5D%5B103B04A7%5D.mkv&tr=http%3A%2F%2Fnyaa.tracker.wf%3A7777%2Fannounce&tr=udp%3A%2F%2Fopen.stealth.si%3A80%2Fannounce&tr=udp%3A%2F%2Ftracker.opentrackr.org%3A1337%2Fannounce&tr=udp%3A%2F%2Fexodus.desync.com%3A6969%2Fannounce&tr=udp%3A%2F%2Ftracker.torrent.eu.org%3A451%2Fannounce,755224145
Whiskey Peak,,magnet:?xt=urn:btih:d5af21f3f6ab66d20dda4b131b5eeb0e17a23b7a&dn=%5BOne%20Pace%5D%5B106-114%5D%20Whiskey%20Peak%20%5B480p%5D&tr=http%3A%2F%2Fnyaa.tracker.wf%3A7777%2Fannounce&tr=udp%3A%2F%2Fopen.stealth.si%3A80%2Fannounce&tr=udp%3A%2F%2Ftracker.opentrackr.org%3A1337%2Fannounce&tr=udp%3A%2F%2Fexodus.desync.com%3A6969%2Fannounce&tr=udp%3A%2F%2Ftracker.torrent.eu.org%3A451%2Fannounce,287651967
The Trials of Koby-Meppo,,magnet:?xt=urn:btih:c345a0dc89a9d20b9cbdad787b0bd80c34f52809&dn=%5BOne%20Pace%5D%5B83-119%5D%20The%20Trials%20of%20Koby-Meppo%20%5B1080p%5D%5B4B56844F%5D.mkv&tr=http%3A%2F%2Fnyaa.tracker.wf%3A7777%2Fannounce&tr=udp%3A%2F%2Fopen.stealth.si%3A80%2Fannounce&tr=udp%3A%2F%2Ftracker.opentrackr.org%3A1337%2Fannounce&tr=udp%3A%2F%2Fexodus.desync.com%3A6969%2Fannounce&tr=udp%3A%2F%2Ftracker.torrent.eu.org%3A451%2Fannounce,346440276
Little Garden,01,magnet:?xt=urn:btih:ee1feaf374699150ebe9cf8876df199acb9a5fea&dn=%5BOne%20Pace%5D%5B115-117%5D%20Little%20Garden%2001%20%5B1080p%5D%5BFA63AC14%5D.mkv&tr=http%3A%2F%2Fnyaa.tracker.wf%3A7777%2Fannounce&tr=udp%3A%2F%2Fopen.stealth.si%3A80%2Fannounce&tr=udp%3A%2F%2Ftracker.opentrackr.org%3A1337%2Fannounce&tr=udp%3A%2F%2Fexodus.desync.com%3A6969%2Fannounce&tr=udp%3A%2F%2Ftracker.torrent.eu.org%3A451%2Fannounce,752305266
Little Garden,02,magnet:?xt=urn:btih:707378a82ffb792bcbb455a8ac4e2b68de3e5721&dn=%5BOne%20Pace%5D%5B117-119%5D%20Little%20Garden%2002%20%5B1080p%5D%5B64714640%5D.mkv&tr=http%3A%2F%2Fnyaa.tracker.wf%3A7777%2Fannounce&tr=udp%3A%2F%2Fopen.stealth.si%3A80%2Fannounce&tr=udp%3A%2F%2Ftracker.opentrackr.org%3A1337%2Fannounce&tr=udp%3A%2F%2Fexodus.desync.com%3A6969%2Fannounce&tr=udp%3A%2F%2Ftracker.torrent.eu.org%3A451%2Fannounce,668409892
Little Garden,03,magnet:?xt=urn:btih:5bbbc6cf59dd1c083e3148531012061620922701&dn=%5BOne%20Pace%5D%5B119-122%5D%20Little%20Garden%2003%20%5B1080p%5D%5B0AB937B1%5D.mkv&tr=http%3A%2F%2Fnyaa.tracker.wf%3A7777%2Fannounce&tr=udp%3A%2F%2Fopen.stealth.si%3A80%2Fannounce&tr=udp%3A%2F%2Ftracker.opentrackr.org%3A1337%2Fannounce&tr=udp%3A%2F%2Fexodus.desync.com%3A6969%2Fannounce&tr=udp%3A%2F%2Ftracker.torrent.eu.org%3A451%2Fannounce,760624763
Little Garden,04,magnet:?xt=urn:btih:e46bfdfc8074fab365bbb634c2cbe0b585621400&dn=%5BOne%20Pace%5D%5B123-126%5D%20Little%20Garden%2004%20%5B1080p%5D%5B8BE7A415%5D.mkv&tr=http%3A%2F%2Fnyaa.tracker.wf%3A7777%2Fannounce&tr=udp%3A%2F%2Fopen.stealth.si%3A80%2Fannounce&tr=udp%3A%2F%2Ftracker.opentrackr.org%3A1337%2Fannounce&tr=udp%3A%2F%2Fexodus.desync.com%3A6969%2Fannounce&tr=udp%3A%2F%2Ftracker.torrent.eu.org%3A451%2Fannounce,992611444
Little Garden,05,magnet:?xt=urn:btih:8cb820566a5bf341343f1340a6014104788767c8&dn=%5BOne%20Pace%5D%5B127-129%5D%20Little%20Garden%2005%20%5B1080p%5D%5B51105EBB%5D.mkv&tr=http%3A%2F%2Fnyaa.tracker.wf%3A7777%2Fannounce&tr=udp%3A%2F%2Fopen.stealth.si%3A80%2Fannounce&tr=udp%3A%2F%2Ftracker.opentrackr.org%3A1337%2Fannounce&tr=udp%3A%2F%2Fexodus.desync.com%3A6969%2Fannounce&tr=udp%3A%2F%2Ftracker.torrent.eu.org%3A451%2Fannounce,673658605
Drum Island,01,magnet:?xt=urn:btih:00d22c441e261ae3005e32736f2154b1156f5c48&dn=%5BOne%20Pace%5D%5B129-132%5D%20Drum%20Island%2001%20%5B1080p%5D%5BFD2B4F32%5D.mkv&tr=http%3A%2F%2Fnyaa.tracker.wf%3A7777%2Fannounce&tr=udp%3A%2F%2Fopen.stealth.si%3A80%2Fannounce&tr=udp%3A%2F%2Ftracker.opentrackr.org%3A1337%2Fannounce&tr=udp%3A%2F%2Fexodus.desync.com%3A6969%2Fannounce&tr=udp%3A%2F%2Ftracker.torrent.eu.org%3A451%2Fannounce,616333569
Drum Island,02,magnet:?xt=urn:btih:6c31b3c4ffb98f61dc9dee31e7162755f467b748&dn=%5BOne%20Pace%5D%5B132-135%5D%20Drum%20Island%2002%20%5B1080p%5D%5B8FDCC832%5D.mkv&tr=http%3A%2F%2Fnyaa.tracker.wf%3A7777%2Fannounce&tr=udp%3A%2F%2Fopen.stealth.si%3A80%2Fannounce&tr=udp%3A%2F%2Ftracker.opentrackr.org%3A1337%2Fannounce&tr=udp%3A%2F%2Fexodus.desync.com%3A6969%2Fannounce&tr=udp%3A%2F%2Ftracker.torrent.eu.org%3A451%2Fannounce,928293425
Drum Island,03,magnet:?xt=urn:btih:998c73c81bed577dcb03a5cbed5b0c9dc0fd1ff2&dn=%5BOne%20Pace%5D%5B136-139%5D%20Drum%20Island%2003%20%5B1080p%5D%5B2971EF62%5D.mkv&tr=http%3A%2F%2Fnyaa.tracker.wf%3A7777%2Fannounce&tr=udp%3A%2F%2Fopen.stealth.si%3A80%2Fannounce&tr=udp%3A%2F%2Ftracker.opentrackr.org%3A1337%2Fannounce&tr=udp%3A%2F%2Fexodus.desync.com%3A6969%2Fannounce&tr=udp%3A%2F%2Ftracker.torrent.eu.org%3A451%2Fannounce,999465890
Drum Island,04,magnet:?xt=urn:btih:d7b48a58f44b5a5f6c0f9709976629fa5efe17a8&dn=%5BOne%20Pace%5D%5B139-140%5D%20Drum%20Island%2004%20%5B1080p%5D%5B902076E8%5D.mkv&tr=http%3A%2F%2Fnyaa.tracker.wf%3A7777%2Fannounce&tr=udp%3A%2F%2Fopen.stealth.si%3A80%2Fannounce&tr=udp%3A%2F%2Ftracker.opentrackr.org%3A1337%2Fannounce&tr=udp%3A%2F%2Fexodus.desync.com%3A6969%2Fannounce&tr=udp%3A%2F%2Ftracker.torrent.eu.org%3A451%2Fannounce,494956232
Drum Island,05,magnet:?xt=urn:btih:d12effbcce07e669155bec4c2aaccaffaff790eb&dn=%5BOne%20Pace%5D%5B141-145%5D%20Drum%20Island%2005%20%5B1080p%5D%5BE7044DBE%5D.mkv&tr=http%3A%2F%2Fnyaa.tracker.wf%3A7777%2Fannounce&tr=udp%3A%2F%2Fopen.stealth.si%3A80%2Fannounce&tr=udp%3A%2F%2Ftracker.opentrackr.org%3A1337%2Fannounce&tr=udp%3A%2F%2Fexodus.desync.com%3A6969%2Fannounce&tr=udp%3A%2F%2Ftracker.torrent.eu.org%3A451%2Fannounce,931746766
Drum Island,06,magnet:?xt=urn:btih:b6d264228c2fb62b413d9f73a9d546495fc35069&dn=%5BOne%20Pace%5D%5B145-148%5D%20Drum%20Island%2006%20%5B1080p%5D%5BA5145C90%5D.mkv&tr=http%3A%2F%2Fnyaa.tracker.wf%3A7777%2Fannounce&tr=udp%3A%2F%2Fopen.stealth.si%3A80%2Fannounce&tr=udp%3A%2F%2Ftracker.opentrackr.org%3A1337%2Fannounce&tr=udp%3A%2F%2Fexodus.desync.com%3A6969%2Fannounce&tr=udp%3A%2F%2Ftracker.torrent.eu.org%3A451%2Fannounce,592566166
Drum Island,07,magnet:?xt=urn:btih:22b7b193c5354584a48966995c3966fdb2c1d338&dn=%5BOne%20Pace%5D%5B149-152%5D%20Drum%20Island%2007%20%5B1080p%5D%5BB1D913B9%5D.mkv&tr=http%3A%2F%2Fnyaa.tracker.wf%3A7777%2Fannounce&tr=udp%3A%2F%2Fopen.stealth.si%3A80%2Fannounce&tr=udp%3A%2F%2Ftracker.opentrackr.org%3A1337%2Fannounce&tr=udp%3A%2F%2Fexodus.desync.com%3A6969%2Fannounce&tr=udp%3A%2F%2Ftracker.torrent.eu.org%3A451%2Fannounce,832454036
Drum Island,08,magnet:?xt=urn:btih:a464ed705df4d6e5c82182720fcb680aff526df9&dn=%5BOne%20Pace%5D%5B153-155%2C%20142%5D%20Drum%20Island%2008%20%5B1080p%5D%5B9794072D%5D.mkv&tr=http%3A%2F%2Fnyaa.tracker.wf%3A7777%2Fannounce&tr=udp%3A%2F%2Fopen.stealth.si%3A80%2Fannounce&tr=udp%3A%2F%2Ftracker.opentrackr.org%3A1337%2Fannounce&tr=udp%3A%2F%2Fexodus.desync.com%3A6969%2Fannounce&tr=udp%3A%2F%2Ftracker.torrent.eu.org%3A451%2Fannounce,771284789
Arabasta,01,magnet:?xt=urn:btih:5ecc22012328be9e0cc0cc33f4290291effd6a84&dn=%5BOne%20Pace%5D%5B155-157%5D%20Arabasta%2001%20%5B1080p%5D%5BBB1D093C%5D.mkv&tr=http%3A%2F%2Fnyaa.tracker.wf%3A7777%2Fannounce&tr=udp%3A%2F%2Fopen.stealth.si%3A80%2Fannounce&tr=udp%3A%2F%2Ftracker.opentrackr.org%3A1337%2Fannounce&tr=udp%3A%2F%2Fexodus.desync.com%3A6969%2Fannounce&tr=udp%3A%2F%2Ftracker.torrent.eu.org%3A451%2Fannounce,475296656
Arabasta,02,magnet:?xt=urn:btih:6f145e0cf8063ea47b1fe875c2fad96368ea32cb&dn=%5BOne%20Pace%5D%5B157-159%5D%20Arabasta%2002%20%5B1080p%5D%5BE4BA97D6%5D.mkv&tr=http%3A%2F%2Fnyaa.tracker.wf%3A7777%2Fannounce&tr=udp%3A%2F%2Fopen.stealth.si%3A80%2Fannounce&tr=udp%3A%2F%2Ftracker.opentrackr.org%3A1337%2Fannounce&tr=udp%3A%2F%2Fexodus.desync.com%3A6969%2Fannounce&tr=udp%3A%2F%2Ftracker.torrent.eu.org%3A451%2Fannounce,620226560
Arabasta,03,magnet:?xt=urn:btih:4f3742283679c68ee64ccf1a7fbf71f1acb600da&dn=%5BOne%20Pace%5D%5B159%2C%20161-162%5D%20Arabasta%2003%20%5B1080p%5D%5B73003149%5D.mkv&tr=http%3A%2F%2Fnyaa.tracker.wf%3A7777%2Fannounce&tr=udp%3A%2F%2Fopen.stealth.si%3A80%2Fannounce&tr=udp%3A%2F%2Ftracker.opentrackr.org%3A1337%2Fannounce&tr=udp%3A%2F%2Fexodus.desync.com%3A6969%2Fannounce&tr=udp%3A%2F%2Ftracker.torrent.eu.org%3A451%2Fannounce,560828618
Arabasta,04,magnet:?xt=urn:btih:1437585a00f1f39b47973ddd69ac6a1f41cc4139&dn=%5BOne%20Pace%5D%5B160%2C%20162-164%5D%20Arabasta%2004%20%5B480p%5D%20%5BDual-Audio%5D&tr=http%3A%2F%2Fnyaa.tracker.wf%3A7777%2Fannounce&tr=udp%3A%2F%2Fopen.stealth.si%3A80%2Fannounce&tr=udp%3A%2F%2Ftracker.opentrackr.org%3A1337%2Fannounce&tr=udp%3A%2F%2Fexodus.desync.com%3A6969%2Fannounce&tr=udp%3A%2F%2Ftracker.torrent.eu.org%3A451%2Fannounce,203145905
Arabasta,05,magnet:?xt=urn:btih:1f6197f6cf42220277a4edef259b74bd93ee5c4d&dn=%5BOne%20Pace%5D%5B164-166%5D%20Arabasta%2005%20%5B1080p%5D%20%5BDual-Audio%5D&tr=http%3A%2F%2Fnyaa.tracker.wf%3A7777%2Fannounce&tr=udp%3A%2F%2Fopen.stealth.si%3A80%2Fannounce&tr=udp%3A%2F%2Ftracker.opentrackr.org%3A1337%2Fannounce&tr=udp%3A%2F%2Fexodus.desync.com%3A6969%2Fannounce&tr=udp%3A%2F%2Ftracker.torrent.eu.org%3A451%2Fannounce,640102349
Arabasta,06,magnet:?xt=urn:btih:e7c6688ee517f4b291a6a5fef0c4e50d143314ae&dn=%5BOne%20Pace%5D%5B167-168%5D%20Arabasta%2006%20%5B1080p%5D%20%5BDual-Audio%5D&tr=http%3A%2F%2Fnyaa.tracker.wf%3A7777%2Fannounce&tr=udp%3A%2F%2Fopen.stealth.si%3A80%2Fannounce&tr=udp%3A%2F%2Ftracker.opentrackr.org%3A1337%2Fannounce&tr=udp%3A%2F%2Fexodus.desync.com%3A6969%2Fannounce&tr=udp%3A%2F%2Ftracker.torrent.eu.org%3A451%2Fannounce,495370856
Arabasta,07,magnet:?xt=urn:btih:c3d949cf5c3229da4e355867599bea0933a23ec2&dn=%5BOne%20Pace%5D%5B169-170%5D%20Arabasta%2007%20%5B1080p%5D%20%5BDual-Audio%5D&tr=http%3A%2F%2Fnyaa.tracker.wf%3A7777%2Fannounce&tr=udp%3A%2F%2Fopen.stealth.si%3A80%2Fannounce&tr=udp%3A%2F%2Ftracker.opentrackr.org%3A1337%2Fannounce&tr=udp%3A%2F%2Fexodus.desync.com%3A6969%2Fannounce&tr=udp%3A%2F%2Ftracker.torrent.eu.org%3A451%2Fannounce,382266728
Arabasta,08,magnet:?xt=urn:btih:66df46977cd5206f7684963ac3af20ada7dfdea4&dn=%5BOne%20Pace%5D%5B171-174%5D%20Arabasta%2008%20%5B1080p%5D%20%5BDual-Audio%5D&tr=http%3A%2F%2Fnyaa.tracker.wf%3A7777%2Fannounce&tr=udp%3A%2F%2Fopen.stealth.si%3A80%2Fannounce&tr=udp%3A%2F%2Ftracker.opentrackr.org%3A1337%2Fannounce&tr=udp%3A%2F%2Fexodus.desync.com%3A6969%2Fannounce&tr=udp%3A%2F%2Ftracker.torrent.eu.org%3A451%2Fannounce,714984327
Arabasta,09,magnet:?xt=urn:btih:56cd276106efe594f9722a27e63b4de25f6a0248&dn=%5BOne%20Pace%5D%5B175-178%5D%20Arabasta%2009%20%5B1080p%5D%20%5BDual-Audio%5D&tr=http%3A%2F%2Fnyaa.tracker.wf%3A7777%2Fannounce&tr=udp%3A%2F%2Fopen.stealth.si%3A80%2Fannounce&tr=udp%3A%2F%2Ftracker.opentrackr.org%3A1337%2Fannounce&tr=udp%3A%2F%2Fexodus.desync.com%3A6969%2Fannounce&tr=udp%3A%2F%2Ftracker.torrent.eu.org%3A451%2Fannounce,683532668
Arabasta,10,magnet:?xt=urn:btih:48869d544c38227988763c9b0835e421bdaeeed1&dn=%5BOne%20Pace%5D%5B179-182%5D%20Arabasta%2010%20%5B1080p%5D%5B4B8CC4E7%5D.mkv&tr=http%3A%2F%2Fnyaa.tracker.wf%3A7777%2Fannounce&tr=udp%3A%2F%2Fopen.stealth.si%3A80%2Fannounce&tr=udp%3A%2F%2Ftracker.opentrackr.org%3A1337%2Fannounce&tr=udp%3A%2F%2Fexodus.desync.com%3A6969%2Fannounce&tr=udp%3A%2F%2Ftracker.torrent.eu.org%3A451%2Fannounce,818316312
Arabasta,11,magnet:?xt=urn:btih:5b9eb12d70a9290c0684cf72282dba53c8f56e35&dn=%5BOne%20Pace%5D%5B183-186%5D%20Arabasta%2011%20%5B1080p%5D%20%5BDual-Audio%5D&tr=http%3A%2F%2Fnyaa.tracker.wf%3A7777%2Fannounce&tr=udp%3A%2F%2Fopen.stealth.si%3A80%2Fannounce&tr=udp%3A%2F%2Ftracker.opentrackr.org%3A1337%2Fannounce&tr=udp%3A%2F%2Fexodus.desync.com%3A6969%2Fannounce&tr=udp%3A%2F%2Ftracker.torrent.eu.org%3A451%2Fannounce,828846193
Arabasta,12,magnet:?xt=urn:btih:1ef273f42db2c163f28c1a740498281a571e3604&dn=%5BOne%20Pace%5D%5B187-189%5D%20Arabasta%2012%20%5B1080p%5D%5BFF26917C%5D.mkv&tr=http%3A%2F%2Fnyaa.tracker.wf%3A7777%2Fannounce&tr=udp%3A%2F%2Fopen.stealth.si%3A80%2Fannounce&tr=udp%3A%2F%2Ftracker.opentrackr.org%3A1337%2Fannounce&tr=udp%3A%2F%2Fexodus.desync.com%3A6969%2Fannounce&tr=udp%3A%2F%2Ftracker.torrent.eu.org%3A451%2Fannounce,663809189
Arabasta,13,magnet:?xt=urn:btih:b5a0d39d7b1eda73ccb3d70ddfa608e7834b84ce&dn=%5BOne%20Pace%5D%5B189-192%5D%20Arabasta%2013%20%5B1080p%5D%5B58649840%5D.mkv&tr=http%3A%2F%2Fnyaa.tracker.wf%3A7777%2Fannounce&tr=udp%3A%2F%2Fopen.stealth.si%3A80%2Fannounce&tr=udp%3A%2F%2Ftracker.opentrackr.org%3A1337%2Fannounce&tr=udp%3A%2F%2Fexodus.desync.com%3A6969%2Fannounce&tr=udp%3A%2F%2Ftracker.torrent.eu.org%3A451%2Fannounce,513677469
Arabasta,14,magnet:?xt=urn:btih:d8950e8a9686737e1a9966fbe44fa30eeaec0668&dn=%5BOne%20Pace%5D%5B192-195%5D%20Arabasta%2014%20%5B1080p%5D%5B0F3017E1%5D.mkv&tr=http%3A%2F%2Fnyaa.tracker.wf%3A7777%2Fannounce&tr=udp%3A%2F%2Fopen.stealth.si%3A80%2Fannounce&tr=udp%3A%2F%2Ftracker.opentrackr.org%3A1337%2Fannounce&tr=udp%3A%2F%2Fexodus.desync.com%3A6969%2Fannounce&tr=udp%3A%2F%2Ftracker.torrent.eu.org%3A451%2Fannounce,752491843
Arabasta,15,magnet:?xt=urn:btih:3a5927bc4599b185209cc79936265d57d95196c2&dn=%5BOne%20Pace%5D%5B196-198%5D%20Arabasta%2015%20%5B1080p%5D%5B2AD355ED%5D.mkv&tr=http%3A%2F%2Fnyaa.tracker.wf%3A7777%2Fannounce&tr=udp%3A%2F%2Fopen.stealth.si%3A80%2Fannounce&tr=udp%3A%2F%2Ftracker.opentrackr.org%3A1337%2Fannounce&tr=udp%3A%2F%2Fexodus.desync.com%3A6969%2Fannounce&tr=udp%3A%2F%2Ftracker.torrent.eu.org%3A451%2Fannounce,631356827
Arabasta,16,magnet:?xt=urn:btih:3cf270e6d4bc31029e40eb275f49a2121092c62b&dn=%5BOne%20Pace%5D%5B199-201%5D%20Arabasta%2016%20%5B1080p%5D%5B5E646504%5D.mkv&tr=http%3A%2F%2Fnyaa.tracker.wf%3A7777%2Fannounce&tr=udp%3A%2F%2Fopen.stealth.si%3A80%2Fannounce&tr=udp%3A%2F%2Ftracker.opentrackr.org%3A1337%2Fannounce&tr=udp%3A%2F%2Fexodus.desync.com%3A6969%2Fannounce&tr=udp%3A%2F%2Ftracker.torrent.eu.org%3A451%2Fannounce,612120378
Arabasta,17,magnet:?xt=urn:btih:f16a5459f018ba802342c64e424ff005cdb47115&dn=%5BOne%20Pace%5D%5B202-205%5D%20Arabasta%2017%20%5B1080p%5D%5BB5A40AD2%5D.mkv&tr=http%3A%2F%2Fnyaa.tracker.wf%3A7777%2Fannounce&tr=udp%3A%2F%2Fopen.stealth.si%3A80%2Fannounce&tr=udp%3A%2F%2Ftracker.opentrackr.org%3A1337%2Fannounce&tr=udp%3A%2F%2Fexodus.desync.com%3A6969%2Fannounce&tr=udp%3A%2F%2Ftracker.torrent.eu.org%3A451%2Fannounce,780759228
Arabasta,18,magnet:?xt=urn:btih:b5f43863a0a59e5cdbc3d6a36afad34f4ab4923f&dn=%5BOne%20Pace%5D%5B206-210%5D%20Arabasta%2018%20%5B1080p%5D%5BE4F68497%5D.mkv&tr=http%3A%2F%2Fnyaa.tracker.wf%3A7777%2Fannounce&tr=udp%3A%2F%2Fopen.stealth.si%3A80%2Fannounce&tr=udp%3A%2F%2Ftracker.opentrackr.org%3A1337%2Fannounce&tr=udp%3A%2F%2Fexodus.desync.com%3A6969%2Fannounce&tr=udp%3A%2F%2Ftracker.torrent.eu.org%3A451%2Fannounce,836697684
Arabasta,19,magnet:?xt=urn:btih:cf9b6a373f58b82bff412b2db09b72a1a3418543&dn=%5BOne%20Pace%5D%5B211-213%5D%20Arabasta%2019%20%5B1080p%5D%5B845C0D1D%5D.mkv&tr=http%3A%2F%2Fnyaa.tracker.wf%3A7777%2Fannounce&tr=udp%3A%2F%2Fopen.stealth.si%3A80%2Fannounce&tr=udp%3A%2F%2Ftracker.opentrackr.org%3A1337%2Fannounce&tr=udp%3A%2F%2Fexodus.desync.com%3A6969%2Fannounce&tr=udp%3A%2F%2Ftracker.torrent.eu.org%3A451%2Fannounce,814306470
Arabasta,20,magnet:?xt=urn:btih:8bba964bcef29bebf7846d56b58fa92e903c6e51&dn=%5BOne%20Pace%5D%5B214-216%5D%20Arabasta%2020%20%5B1080p%5D%5B0C5E9A92%5D.mkv&tr=http%3A%2F%2Fnyaa.tracker.wf%3A7777%2Fannounce&tr=udp%3A%2F%2Fopen.stealth.si%3A80%2Fannounce&tr=udp%3A%2F%2Ftracker.opentrackr.org%3A1337%2Fannounce&tr=udp%3A%2F%2Fexodus.desync.com%3A6969%2Fannounce&tr=udp%3A%2F%2Ftracker.torrent.eu.org%3A451%2Fannounce,663749759
Arabasta,21,magnet:?xt=urn:btih:5154d5a2f0abd8371ffb3ab7d0efe4f6f96d728a&dn=%5BOne%20Pace%5D%5B217-218%5D%20Arabasta%2021%20%5B1080p%5D%5BEAA06203%5D.mkv&tr=http%3A%2F%2Fnyaa.tracker.wf%3A7777%2Fannounce&tr=udp%3A%2F%2Fopen.stealth.si%3A80%2Fannounce&tr=udp%3A%2F%2Ftracker.opentrackr.org%3A1337%2Fannounce&tr=udp%3A%2F%2Fexodus.desync.com%3A6969%2Fannounce&tr=udp%3A%2F%2Ftracker.torrent.eu.org%3A451%2Fannounce,364430617
Jaya,01,magnet:?xt=urn:btih:d8e0cdb4a611e3fc0869c5689f84cd7414a4e3ca&dn=%5BOne%20Pace%5D%5B218-220%5D%20Jaya%2001%20%5B1080p%5D%5B2BBCD106%5D.mkv&tr=http%3A%2F%2Fnyaa.tracker.wf%3A7777%2Fannounce&tr=udp%3A%2F%2Fopen.stealth.si%3A80%2Fannounce&tr=udp%3A%2F%2Ftracker.opentrackr.org%3A1337%2Fannounce&tr=udp%3A%2F%2Fexodus.desync.com%3A6969%2Fannounce&tr=udp%3A%2F%2Ftracker.torrent.eu.org%3A451%2Fannounce,437698828
Jaya,02,magnet:?xt=urn:btih:78a190b5e79d1155f9c5d2affd30cf73c3bb2f5e&dn=%5BOne%20Pace%5D%5B221-224%5D%20Jaya%2002%20%5B1080p%5D%5B6DAB82A3%5D.mkv&tr=http%3A%2F%2Fnyaa.tracker.wf%3A7777%2Fannounce&tr=udp%3A%2F%2Fopen.stealth.si%3A80%2Fannounce&tr=udp%3A%2F%2Ftracker.opentrackr.org%3A1337%2Fannounce&tr=udp%3A%2F%2Fexodus.desync.com%3A6969%2Fannounce&tr=udp%3A%2F%2Ftracker.torrent.eu.org%3A451%2Fannounce,621640636
Jaya,03,magnet:?xt=urn:btih:fb777e9dadcf29a80900d8846e64ab33f9df6077&dn=%5BOne%20Pace%5D%5B225-226%5D%20Jaya%2003%20%5B1080p%5D%5BB4950266%5D.mkv&tr=http%3A%2F%2Fnyaa.tracker.wf%3A7777%2Fannounce&tr=udp%3A%2F%2Fopen.stealth.si%3A80%2Fannounce&tr=udp%3A%2F%2Ftracker.opentrackr.org%3A1337%2Fannounce&tr=udp%3A%2F%2Fexodus.desync.com%3A6969%2Fannounce&tr=udp%3A%2F%2Ftracker.torrent.eu.org%3A451%2Fannounce,422420738
Jaya,04,magnet:?xt=urn:btih:0ee092c2048a597a5e14cbc7c41f3d0696d9821a&dn=%5BOne%20Pace%5D%5B227-228%5D%20Jaya%2004%20%5B1080p%5D%5B86DC8F38%5D.mkv&tr=http%3A%2F%2Fnyaa.tracker.wf%3A7777%2Fannounce&tr=udp%3A%2F%2Fopen.stealth.si%3A80%2Fannounce&tr=udp%3A%2F%2Ftracker.opentrackr.org%3A1337%2Fannounce&tr=udp%3A%2F%2Fexodus.desync.com%3A6969%2Fannounce&tr=udp%3A%2F%2Ftracker.torrent.eu.org%3A451%2Fannounce,482217517
Jaya,05,magnet:?xt=urn:btih:b53ea9000dd3db38573e917b2109163568532797&dn=%5BOne%20Pace%5D%5B229-230%5D%20Jaya%2005%20%5B1080p%5D%5BE468A31D%5D.mkv&tr=http%3A%2F%2Fnyaa.tracker.wf%3A7777%2Fannounce&tr=udp%3A%2F%2Fopen.stealth.si%3A80%2Fannounce&tr=udp%3A%2F%2Ftracker.opentrackr.org%3A1337%2Fannounce&tr=udp%3A%2F%2Fexodus.desync.com%3A6969%2Fannounce&tr=udp%3A%2F%2Ftracker.torrent.eu.org%3A451%2Fannounce,452025072
Jaya,06,magnet:?xt=urn:btih:fc3b4c4e7449117776308505b8497ecbabf4784c&dn=%5BOne%20Pace%5D%5B231-232%5D%20Jaya%2006%20%5B1080p%5D%5B8783E1B0%5D.mkv&tr=http%3A%2F%2Fnyaa.tracker.wf%3A7777%2Fannounce&tr=udp%3A%2F%2Fopen.stealth.si%3A80%2Fannounce&tr=udp%3A%2F%2Ftracker.opentrackr.org%3A1337%2Fannounce&tr=udp%3A%2F%2Fexodus.desync.com%3A6969%2Fannounce&tr=udp%3A%2F%2Ftracker.torrent.eu.org%3A451%2Fannounce,371550178
Jaya,07,magnet:?xt=urn:btih:2f0b8368eb300acc4863283dbb5f21054a81adbe&dn=%5BOne%20Pace%5D%5B232-234%5D%20Jaya%2007%20%5B1080p%5D%5B580A0C3B%5D.mkv&tr=http%3A%2F%2Fnyaa.tracker.wf%3A7777%2Fannounce&tr=udp%3A%2F%2Fopen.stealth.si%3A80%2Fannounce&tr=udp%3A%2F%2Ftracker.opentrackr.org%3A1337%2Fannounce&tr=udp%3A%2F%2Fexodus.desync.com%3A6969%2Fannounce&tr=udp%3A%2F%2Ftracker.torrent.eu.org%3A451%2Fannounce,482442059
Jaya,08,magnet:?xt=urn:btih:abb69044f4a1806092b9a213669c5edb4f0bb92a&dn=%5BOne%20Pace%5D%5B235-236%5D%20Jaya%2008%20%5B1080p%5D%5BFA2E5ADD%5D.mkv&tr=http%3A%2F%2Fnyaa.tracker.wf%3A7777%2Fannounce&tr=udp%3A%2F%2Fopen.stealth.si%3A80%2Fannounce&tr=udp%3A%2F%2Ftracker.opentrackr.org%3A1337%2Fannounce&tr=udp%3A%2F%2Fexodus.desync.com%3A6969%2Fannounce&tr=udp%3A%2F%2Ftracker.torrent.eu.org%3A451%2Fannounce,433628446
Skypiea,01,magnet:?xt=urn:btih:e915f2fdd84e6b482417b25021a1c9a184b8658b&dn=%5BOne%20Pace%5D%5B237-238%5D%20Skypiea%2001%20%5B1080p%5D%5BCA5552FC%5D.mkv&tr=http%3A%2F%2Fnyaa.tracker.wf%3A7777%2Fannounce&tr=udp%3A%2F%2Fopen.stealth.si%3A80%2Fannounce&tr=udp%3A%2F%2Ftracker.opentrackr.org%3A1337%2Fannounce&tr=udp%3A%2F%2Fexodus.desync.com%3A6969%2Fannounce&tr=udp%3A%2F%2Ftracker.torrent.eu.org%3A451%2Fannounce,419051708
Skypiea,02,magnet:?xt=urn:btih:5d265cdb96a14dee3bd4d4684b273ff892ec6c9f&dn=%5BOne%20Pace%5D%5B239-240%5D%20Skypiea%2002%20%5B1080p%5D%5BEB6E8FF5%5D.mkv&tr=http%3A%2F%2Fnyaa.tracker.wf%3A7777%2Fannounce&tr=udp%3A%2F%2Fopen.stealth.si%3A80%2Fannounce&tr=udp%3A%2F%2Ftracker.opentrackr.org%3A1337%2Fannounce&tr=udp%3A%2F%2Fexodus.desync.com%3A6969%2Fannounce&tr=udp%3A%2F%2Ftracker.torrent.eu.org%3A451%2Fannounce,398320098
Skypiea,03,magnet:?xt=urn:btih:5d49f234c0533738ca9d60d1c3c6ffac194e52a9&dn=%5BOne%20Pace%5D%5B241-242%5D%20Skypiea%2003%20%5B1080p%5D%5BA50167E6%5D.mkv&tr=http%3A%2F%2Fnyaa.tracker.wf%3A7777%2Fannounce&tr=udp%3A%2F%2Fopen.stealth.si%3A80%2Fannounce&tr=udp%3A%2F%2Ftracker.opentrackr.org%3A1337%2Fannounce&tr=udp%3A%2F%2Fexodus.desync.com%3A6969%2Fannounce&tr=udp%3A%2F%2Ftracker.torrent.eu.org%3A451%2Fannounce,581417998
Skypiea,04,magnet:?xt=urn:btih:aa34040a41bbdd8b165cfbc81dbe4e72f59e676e&dn=%5BOne%20Pace%5D%5B243-244%5D%20Skypiea%2004%20%5B1080p%5D%5BC6120876%5D.mkv&tr=http%3A%2F%2Fnyaa.tracker.wf%3A7777%2Fannounce&tr=udp%3A%2F%2Fopen.stealth.si%3A80%2Fannounce&tr=udp%3A%2F%2Ftracker.opentrackr.org%3A1337%2Fannounce&tr=udp%3A%2F%2Fexodus.desync.com%3A6969%2Fannounce&tr=udp%3A%2F%2Ftracker.torrent.eu.org%3A451%2Fannounce,597879032
Skypiea,05,magnet:?xt=urn:btih:948a213b3753b1572b65de94f049a116d1d19dee&dn=%5BOne%20Pace%5D%5B245-246%5D%20Skypiea%2005%20%5B1080p%5D%5BFEA121C3%5D.mkv&tr=http%3A%2F%2Fnyaa.tracker.wf%3A7777%2Fannounce&tr=udp%3A%2F%2Fopen.stealth.si%3A80%2Fannounce&tr=udp%3A%2F%2Ftracker.opentrackr.org%3A1337%2Fannounce&tr=udp%3A%2F%2Fexodus.desync.com%3A6969%2Fannounce&tr=udp%3A%2F%2Ftracker.torrent.eu.org%3A451%2Fannounce,569760361
Skypiea,06,magnet:?xt=urn:btih:914c0da7db2f30c80988adea7e67af78e1502587&dn=%5BOne%20Pace%5D%5B247-249%5D%20Skypiea%2006%20%5B1080p%5D%5BBF59EB14%5D.mkv&tr=http%3A%2F%2Fnyaa.tracker.wf%3A7777%2Fannounce&tr=udp%3A%2F%2Fopen.stealth.si%3A80%2Fannounce&tr=udp%3A%2F%2Ftracker.opentrackr.org%3A1337%2Fannounce&tr=udp%3A%2F%2Fexodus.desync.com%3A6969%2Fannounce&tr=udp%3A%2F%2Ftracker.torrent.eu.org%3A451%2Fannounce,879296333
Skypiea,07,magnet:?xt=urn:btih:da97987eb5adeaed1f34269af22cf7202c6ae93c&dn=%5BOne%20Pace%5D%5B250-251%5D%20Skypiea%2007%20%5B1080p%5D%5B3C665F73%5D.mkv&tr=http%3A%2F%2Fnyaa.tracker.wf%3A7777%2Fannounce&tr=udp%3A%2F%2Fopen.stealth.si%3A80%2Fannounce&tr=udp%3A%2F%2Ftracker.opentrackr.org%3A1337%2Fannounce&tr=udp%3A%2F%2Fexodus.desync.com%3A6969%2Fannounce&tr=udp%3A%2F%2Ftracker.torrent.eu.org%3A451%2Fannounce,529892411
Skypiea,08,magnet:?xt=urn:btih:63a53a466547469c6c854c498301c9308ab76c6a&dn=%5BOne%20Pace%5D%5B252-254%5D%20Skypiea%2008%20%5B1080p%5D%5B236CCF51%5D.mkv&tr=http%3A%2F%2Fnyaa.tracker.wf%3A7777%2Fannounce&tr=udp%3A%2F%2Fopen.stealth.si%3A80%2Fannounce&tr=udp%3A%2F%2Ftracker.opentrackr.org%3A1337%2Fannounce&tr=udp%3A%2F%2Fexodus.desync.com%3A6969%2Fannounce&tr=udp%3A%2F%2Ftracker.torrent.eu.org%3A451%2Fannounce,768860940
Skypiea,09,magnet:?xt=urn:btih:1ad1d02f115868eacb6852eef0a8e6ca59a3c524&dn=%5BOne%20Pace%5D%5B255-257%5D%20Skypiea%2009%20%5B1080p%5D%5BCF0B1E5A%5D.mkv&tr=http%3A%2F%2Fnyaa.tracker.wf%3A7777%2Fannounce&tr=udp%3A%2F%2Fopen.stealth.si%3A80%2Fannounce&tr=udp%3A%2F%2Ftracker.opentrackr.org%3A1337%2Fannounce&tr=udp%3A%2F%2Fexodus.desync.com%3A6969%2Fannounce&tr=udp%3A%2F%2Ftracker.torrent.eu.org%3A451%2Fannounce,846900636
Skypiea,10,magnet:?xt=urn:btih:aca4c747981ae6f366fe82d1fa6dceb7f619e49e&dn=%5BOne%20Pace%5D%5B258-260%5D%20Skypiea%2010%20%5B1080p%5D%5B602704E6%5D.mkv&tr=http%3A%2F%2Fnyaa.tracker.wf%3A7777%2Fannounce&tr=udp%3A%2F%2Fopen.stealth.si%3A80%2Fannounce&tr=udp%3A%2F%2Ftracker.opentrackr.org%3A1337%2Fannounce&tr=udp%3A%2F%2Fexodus.desync.com%3A6969%2Fannounce&tr=udp%3A%2F%2Ftracker.torrent.eu.org%3A451%2Fannounce,556438496
Skypiea,11,magnet:?xt=urn:btih:2b45ebd651777a757b1e8d35660b4d96a0ee4021&dn=%5BOne%20Pace%5D%5B261-263%5D%20Skypiea%2011%20%5B1080p%5D%5BF0EF6382%5D.mkv&tr=http%3A%2F%2Fnyaa.tracker.wf%3A7777%2Fannounce&tr=udp%3A%2F%2Fopen.stealth.si%3A80%2Fannounce&tr=udp%3A%2F%2Ftracker.opentrackr.org%3A1337%2Fannounce&tr=udp%3A%2F%2Fexodus.desync.com%3A6969%2Fannounce&tr=udp%3A%2F%2Ftracker.torrent.eu.org%3A451%2Fannounce,790041875
Skypiea,12,magnet:?xt=urn:btih:c14a990bf09719e44da4a0f64710d18a302c9a8d&dn=%5BOne%20Pace%5D%5B264-266%2C%20268%5D%20Skypiea%2012%20%5B1080p%5D%5B99260C5A%5D.mkv&tr=http%3A%2F%2Fnyaa.tracker.wf%3A7777%2Fannounce&tr=udp%3A%2F%2Fopen.stealth.si%3A80%2Fannounce&tr=udp%3A%2F%2Ftracker.opentrackr.org%3A1337%2Fannounce&tr=udp%3A%2F%2Fexodus.desync.com%3A6969%2Fannounce&tr=udp%3A%2F%2Ftracker.torrent.eu.org%3A451%2Fannounce,736161063
Skypiea,13,magnet:?xt=urn:btih:16e16ed3e486700a85726477725608fd7d78348f&dn=%5BOne%20Pace%5D%5B266-269%5D%20Skypiea%2013%20%5B1080p%5D%5B460CC2CD%5D.mkv&tr=http%3A%2F%2Fnyaa.tracker.wf%3A7777%2Fannounce&tr=udp%3A%2F%2Fopen.stealth.si%3A80%2Fannounce&tr=udp%3A%2F%2Ftracker.opentrackr.org%3A1337%2Fannounce&tr=udp%3A%2F%2Fexodus.desync.com%3A6969%2Fannounce&tr=udp%3A%2F%2Ftracker.torrent.eu.org%3A451%2Fannounce,757473818
Skypiea,14,magnet:?xt=urn:btih:99068f6eabe3588fcd58da600fdfcfbd41ec5b9b&dn=%5BOne%20Pace%5D%5B270-273%5D%20Skypiea%2014%20%5B1080p%5D%5B702231E9%5D.mkv&tr=http%3A%2F%2Fnyaa.tracker.wf%3A7777%2Fannounce&tr=udp%3A%2F%2Fopen.stealth.si%3A80%2Fannounce&tr=udp%3A%2F%2Ftracker.opentrackr.org%3A1337%2Fannounce&tr=udp%3A%2F%2Fexodus.desync.com%3A6969%2Fannounce&tr=udp%3A%2F%2Ftracker.torrent.eu.org%3A451%2Fannounce,655940256
Skypiea,15,magnet:?xt=urn:btih:fbb47fa1f426b4f3c8afb9fcead3ba923f10fbc3&dn=%5BOne%20Pace%5D%5B273-276%5D%20Skypiea%2015%20%5B1080p%5D%5B9863ADF4%5D.mkv&tr=http%3A%2F%2Fnyaa.tracker.wf%3A7777%2Fannounce&tr=udp%3A%2F%2Fopen.stealth.si%3A80%2Fannounce&tr=udp%3A%2F%2Ftracker.opentrackr.org%3A1337%2Fannounce&tr=udp%3A%2F%2Fexodus.desync.com%3A6969%2Fannounce&tr=udp%3A%2F%2Ftracker.torrent.eu.org%3A451%2Fannounce,715638435
Skypiea,16,magnet:?xt=urn:btih:40190e3c2d42d65307a05ba9b795ad3a03d5dc9e&dn=%5BOne%20Pace%5D%5B277-279%5D%20Skypiea%2016%20%5B1080p%5D%5B088462CB%5D.mkv&tr=http%3A%2F%2Fnyaa.tracker.wf%3A7777%2Fannounce&tr=udp%3A%2F%2Fopen.stealth.si%3A80%2Fannounce&tr=udp%3A%2F%2Ftracker.opentrackr.org%3A1337%2Fannounce&tr=udp%3A%2F%2Fexodus.desync.com%3A6969%2Fannounce&tr=udp%3A%2F%2Ftracker.torrent.eu.org%3A451%2Fannounce,573498233
Skypiea,17,magnet:?xt=urn:btih:66e680e42cb00d97a60b6ca9d542182ac0b1a61d&dn=%5BOne%20Pace%5D%5B280-283%5D%20Skypiea%2017%20%5B1080p%5D%5BFBEA8001%5D.mkv&tr=http%3A%2F%2Fnyaa.tracker.wf%3A7777%2Fannounce&tr=udp%3A%2F%2Fopen.stealth.si%3A80%2Fannounce&tr=udp%3A%2F%2Ftracker.opentrackr.org%3A1337%2Fannounce&tr=udp%3A%2F%2Fexodus.desync.com%3A6969%2Fannounce&tr=udp%3A%2F%2Ftracker.torrent.eu.org%3A451%2Fannounce,822922313
Skypiea,18,magnet:?xt=urn:btih:287ff7da8f77b2749c633fd143a6c5bc2203b50a&dn=%5BOne%20Pace%5D%5B283-286%5D%20Skypiea%2018%20%5B1080p%5D%5B60E51C8A%5D.mkv&tr=http%3A%2F%2Fnyaa.tracker.wf%3A7777%2Fannounce&tr=udp%3A%2F%2Fopen.stealth.si%3A80%2Fannounce&tr=udp%3A%2F%2Ftracker.opentrackr.org%3A1337%2Fannounce&tr=udp%3A%2F%2Fexodus.desync.com%3A6969%2Fannounce&tr=udp%3A%2F%2Ftracker.torrent.eu.org%3A451%2Fannounce,709279929
Skypiea,19,magnet:?xt=urn:btih:234b363bffbf29f401234371a40bdab69b94c6fb&dn=%5BOne%20Pace%5D%5B286-289%5D%20Skypiea%2019%20%5B1080p%5D%5B88263203%5D.mkv&tr=http%3A%2F%2Fnyaa.tracker.wf%3A7777%2Fannounce&tr=udp%3A%2F%2Fopen.stealth.si%3A80%2Fannounce&tr=udp%3A%2F%2Ftracker.opentrackr.org%3A1337%2Fannounce&tr=udp%3A%2F%2Fexodus.desync.com%3A6969%2Fannounce&tr=udp%3A%2F%2Ftracker.torrent.eu.org%3A451%2Fannounce,601326430
Skypiea,20,magnet:?xt=urn:btih:f310ad44380a16a0fef792b5738affccbb0fc65c&dn=%5BOne%20Pace%5D%5B290-291%5D%20Skypiea%2020%20%5B1080p%5D%5B481A9A9D%5D.mkv&tr=http%3A%2F%2Fnyaa.tracker.wf%3A7777%2Fannounce&tr=udp%3A%2F%2Fopen.stealth.si%3A80%2Fannounce&tr=udp%3A%2F%2Ftracker.opentrackr.org%3A1337%2Fannounce&tr=udp%3A%2F%2Fexodus.desync.com%3A6969%2Fannounce&tr=udp%3A%2F%2Ftracker.torrent.eu.org%3A451%2Fannounce,457088475
Skypiea,21,magnet:?xt=urn:btih:3dc71eafc14384ebe774bfafcee041f4477218c5&dn=%5BOne%20Pace%5D%5B292-295%5D%20Skypiea%2021%20%5B1080p%5D%5B9B126B00%5D.mkv&tr=http%3A%2F%2Fnyaa.tracker.wf%3A7777%2Fannounce&tr=udp%3A%2F%2Fopen.stealth.si%3A80%2Fannounce&tr=udp%3A%2F%2Ftracker.opentrackr.org%3A1337%2Fannounce&tr=udp%3A%2F%2Fexodus.desync.com%3A6969%2Fannounce&tr=udp%3A%2F%2Ftracker.torrent.eu.org%3A451%2Fannounce,592393404
Skypiea,22,magnet:?xt=urn:btih:8c504fc06149b17c4b6e45c303013f87124e0d85&dn=%5BOne%20Pace%5D%5B295-298%5D%20Skypiea%2022%20%5B1080p%5D%5B62938616%5D.mkv&tr=http%3A%2F%2Fnyaa.tracker.wf%3A7777%2Fannounce&tr=udp%3A%2F%2Fopen.stealth.si%3A80%2Fannounce&tr=udp%3A%2F%2Ftracker.opentrackr.org%3A1337%2Fannounce&tr=udp%3A%2F%2Fexodus.desync.com%3A6969%2Fannounce&tr=udp%3A%2F%2Ftracker.torrent.eu.org%3A451%2Fannounce,675875237
Skypiea,23,magnet:?xt=urn:btih:3f036fe6d496d5037d57164b8793479bac94bc63&dn=%5BOne%20Pace%5D%5B299-300%5D%20Skypiea%2023%20%5B1080p%5D%5BD9CD96CA%5D.mkv&tr=http%3A%2F%2Fnyaa.tracker.wf%3A7777%2Fannounce&tr=udp%3A%2F%2Fopen.stealth.si%3A80%2Fannounce&tr=udp%3A%2F%2Ftracker.opentrackr.org%3A1337%2Fannounce&tr=udp%3A%2F%2Fexodus.desync.com%3A6969%2Fannounce&tr=udp%3A%2F%2Ftracker.torrent.eu.org%3A451%2Fannounce,437891111
Skypiea,24,magnet:?xt=urn:btih:1cc6de813b6485f292383062fad31ea21f8cf611&dn=%5BOne%20Pace%5D%5B301%5D%20Skypiea%2024%20%5B1080p%5D%5B3F695862%5D.mkv&tr=http%3A%2F%2Fnyaa.tracker.wf%3A7777%2Fannounce&tr=udp%3A%2F%2Fopen.stealth.si%3A80%2Fannounce&tr=udp%3A%2F%2Ftracker.opentrackr.org%3A1337%2Fannounce&tr=udp%3A%2F%2Fexodus.desync.com%3A6969%2Fannounce&tr=udp%3A%2F%2Ftracker.torrent.eu.org%3A451%2Fannounce,430459993
Skypiea,25,magnet:?xt=urn:btih:93dc270abb9d346f88661fa35cd1ac9b58428a5c&dn=%5BOne%20Pace%5D%5B302-303%5D%20Skypiea%2025%20%5B1080p%5D%5BC951349C%5D.mkv&tr=http%3A%2F%2Fnyaa.tracker.wf%3A7777%2Fannounce&tr=udp%3A%2F%2Fopen.stealth.si%3A80%2Fannounce&tr=udp%3A%2F%2Ftracker.opentrackr.org%3A1337%2Fannounce&tr=udp%3A%2F%2Fexodus.desync.com%3A6969%2Fannounce&tr=udp%3A%2F%2Ftracker.torrent.eu.org%3A451%2Fannounce,426336093
Long Ring Long Land,,magnet:?xt=urn:btih:4f2b72009c25ec6c534a852ddfc3fd85ed10fdf5&dn=%5BOne%20Pace%5D%5B304-321%5D%20Long%20Ring%20Long%20Land%20%5B720p%5D&tr=http%3A%2F%2Fnyaa.tracker.wf%3A7777%2Fannounce&tr=udp%3A%2F%2Fopen.stealth.si%3A80%2Fannounce&tr=udp%3A%2F%2Ftracker.opentrackr.org%3A1337%2Fannounce&tr=udp%3A%2F%2Fexodus.desync.com%3A6969%2Fannounce&tr=udp%3A%2F%2Ftracker.torrent.eu.org%3A451%2Fannounce,2432989033
Water Seven,01,magnet:?xt=urn:btih:2c90a26aa26847de6726432e57da790e551c7dfb&dn=%5BOne%20Pace%5D%5B322-324%5D%20Water%20Seven%2001%20%5B1080p%5D%20%5BDual-Audio%5D&tr=http%3A%2F%2Fnyaa.tracker.wf%3A7777%2Fannounce&tr=udp%3A%2F%2Fopen.stealth.si%3A80%2Fannounce&tr=udp%3A%2F%2Ftracker.opentrackr.org%3A1337%2Fannounce&tr=udp%3A%2F%2Fexodus.desync.com%3A6969%2Fannounce&tr=udp%3A%2F%2Ftracker.torrent.eu.org%3A451%2Fannounce,855313247
Water Seven,02,magnet:?xt=urn:btih:17cea791fe57b94d57713cc5ffbfb6346c3512e1&dn=%5BOne%20Pace%5D%5B324-326%5D%20Water%20Seven%2002%20%5B1080p%5D%20%5BDual-Audio%5D&tr=http%3A%2F%2Fnyaa.tracker.wf%3A7777%2Fannounce&tr=udp%3A%2F%2Fopen.stealth.si%3A80%2Fannounce&tr=udp%3A%2F%2Ftracker.opentrackr.org%3A1337%2Fannounce&tr=udp%3A%2F%2Fexodus.desync.com%3A6969%2Fannounce&tr=udp%3A%2F%2Ftracker.torrent.eu.org%3A451%2Fannounce,908176159
Water Seven,03,magnet:?xt=urn:btih:6f5eea9fb14a4815605f94201e18758dbeb1e3bb&dn=%5BOne%20Pace%5D%5B326-329%5D%20Water%20Seven%2003%20%5B1080p%5D%20%5BDual-Audio%5D&tr=http%3A%2F%2Fnyaa.tracker.wf%3A7777%2Fannounce&tr=udp%3A%2F%2Fopen.stealth.si%3A80%2Fannounce&tr=udp%3A%2F%2Ftracker.opentrackr.org%3A1337%2Fannounce&tr=udp%3A%2F%2Fexodus.desync.com%3A6969%2Fannounce&tr=udp%3A%2F%2Ftracker.torrent.eu.org%3A451%2Fannounce,1318114039
Water Seven,04,magnet:?xt=urn:btih:694f0cd41d39d07433375929809a8a5ab1e9c668&dn=%5BOne%20Pace%5D%5B330-332%5D%20Water%20Seven%2004%20%5B1080p%5D%20%5BDual-Audio%5D&tr=http%3A%2F%2Fnyaa.tracker.wf%3A7777%2Fannounce&tr=udp%3A%2F%2Fopen.stealth.si%3A80%2Fannounce&tr=udp%3A%2F%2Ftracker.opentrackr.org%3A1337%2Fannounce&tr=udp%3A%2F%2Fexodus.desync.com%3A6969%2Fannounce&tr=udp%3A%2F%2Ftracker.torrent.eu.org%3A451%2Fannounce,768862456
Water Seven,05,magnet:?xt=urn:btih:ad55e3818ea4150920e6a5af3f1bde8e0a129d36&dn=%5BOne%20Pace%5D%5B332-333%5D%20Water%20Seven%2005%20%5B1080p%5D%20%5BDual-Audio%5D&tr=http%3A%2F%2Fnyaa.tracker.wf%3A7777%2Fannounce&tr=udp%3A%2F%2Fopen.stealth.si%3A80%2Fannounce&tr=udp%3A%2F%2Ftracker.opentrackr.org%3A1337%2Fannounce&tr=udp%3A%2F%2Fexodus.desync.com%3A6969%2Fannounce&tr=udp%3A%2F%2Ftracker.torrent.eu.org%3A451%2Fannounce,664860976
Water Seven,06,magnet:?xt=urn:btih:d5460ed548e29b724bf6f1ef423b3dc60672bbab&dn=%5BOne%20Pace%5D%5B334-337%5D%20Water%20Seven%2006%20%5B1080p%5D%20%5BDual-Audio%5D&tr=http%3A%2F%2Fnyaa.tracker.wf%3A7777%2Fannounce&tr=udp%3A%2F%2Fopen.stealth.si%3A80%2Fannounce&tr=udp%3A%2F%2Ftracker.opentrackr.org%3A1337%2Fannounce&tr=udp%3A%2F%2Fexodus.desync.com%3A6969%2Fannounce&tr=udp%3A%2F%2Ftracker.torrent.eu.org%3A451%2Fannounce,1136100478
Water Seven,07,magnet:?xt=urn:btih:aba8524c50790688447578b6497bf1235885f0d7&dn=%5BOne%20Pace%5D%5B338-339%5D%20Water%20Seven%2007%20%5B1080p%5D%20%5BDual-Audio%5D&tr=http%3A%2F%2Fnyaa.tracker.wf%3A7777%2Fannounce&tr=udp%3A%2F%2Fopen.stealth.si%3A80%2Fannounce&tr=udp%3A%2F%2Ftracker.opentrackr.org%3A1337%2Fannounce&tr=udp%3A%2F%2Fexodus.desync.com%3A6969%2Fannounce&tr=udp%3A%2F%2Ftracker.torrent.eu.org%3A451%2Fannounce,770025155
Water Seven,08,magnet:?xt=urn:btih:ebe71894a4c941359a7c8083218e421e5bf67914&dn=%5BOne%20Pace%5D%5B340-342%5D%20Water%20Seven%2008%20%5B1080p%5D%20%5BDual-Audio%5D&tr=http%3A%2F%2Fnyaa.tracker.wf%3A7777%2Fannounce&tr=udp%3A%2F%2Fopen.stealth.si%3A80%2Fannounce&tr=udp%3A%2F%2Ftracker.opentrackr.org%3A1337%2Fannounce&tr=udp%3A%2F%2Fexodus.desync.com%3A6969%2Fannounce&tr=udp%3A%2F%2Ftracker.torrent.eu.org%3A451%2Fannounce,819214679
Water Seven,09,magnet:?xt=urn:btih:9375a1c30eeb49ff96ec96dac5df252d74556f36&dn=%5BOne%20Pace%5D%5B342-345%5D%20Water%20Seven%2009%20%5B1080p%5D%20%5BDual-Audio%5D&tr=http%3A%2F%2Fnyaa.tracker.wf%3A7777%2Fannounce&tr=udp%3A%2F%2Fopen.stealth.si%3A80%2Fannounce&tr=udp%3A%2F%2Ftracker.opentrackr.org%3A1337%2Fannounce&tr=udp%3A%2F%2Fexodus.desync.com%3A6969%2Fannounce&tr=udp%3A%2F%2Ftracker.torrent.eu.org%3A451%2Fannounce,1062516810
Water Seven,10,magnet:?xt=urn:btih:3db5d95badd012ad1916dc624adfe747aec1b379&dn=%5BOne%20Pace%5D%5B346-348%5D%20Water%20Seven%2010%20%5B1080p%5D%20%5BDual-Audio%5D&tr=http%3A%2F%2Fnyaa.tracker.wf%3A7777%2Fannounce&tr=udp%3A%2F%2Fopen.stealth.si%3A80%2Fannounce&tr=udp%3A%2F%2Ftracker.opentrackr.org%3A1337%2Fannounce&tr=udp%3A%2F%2Fexodus.desync.com%3A6969%2Fannounce&tr=udp%3A%2F%2Ftracker.torrent.eu.org%3A451%2Fannounce,839819328
Water Seven,11,magnet:?xt=urn:btih:4407d9e55c5b3169646fd4e19dd605c4363fa37f&dn=%5BOne%20Pace%5D%5B349-352%5D%20Water%20Seven%2011%20%5B1080p%5D%20%5BDual-Audio%5D&tr=http%3A%2F%2Fnyaa.tracker.wf%3A7777%2Fannounce&tr=udp%3A%2F%2Fopen.stealth.si%3A80%2Fannounce&tr=udp%3A%2F%2Ftracker.opentrackr.org%3A1337%2Fannounce&tr=udp%3A%2F%2Fexodus.desync.com%3A6969%2Fannounce&tr=udp%3A%2F%2Ftracker.torrent.eu.org%3A451%2Fannounce,1023265801
Water Seven,12,magnet:?xt=urn:btih:a0a49ee80ad606513575e1fdff094b4625ff5f56&dn=%5BOne%20Pace%5D%5B353-355%5D%20Water%20Seven%2012%20%5B1080p%5D%20%5BDual-Audio%5D&tr=http%3A%2F%2Fnyaa.tracker.wf%3A7777%2Fannounce&tr=udp%3A%2F%2Fopen.stealth.si%3A80%2Fannounce&tr=udp%3A%2F%2Ftracker.opentrackr.org%3A1337%2Fannounce&tr=udp%3A%2F%2Fexodus.desync.com%3A6969%2Fannounce&tr=udp%3A%2F%2Ftracker.torrent.eu.org%3A451%2Fannounce,827291476
Water Seven,13,magnet:?xt=urn:btih:2c4f7c0f37291a1866df9c4382381c0c03f249cd&dn=%5BOne%20Pace%5D%5B355-357%5D%20Water%20Seven%2013%20%5B1080p%5D%5BB4592974%5D.mkv&tr=http%3A%2F%2Fnyaa.tracker.wf%3A7777%2Fannounce&tr=udp%3A%2F%2Fopen.stealth.si%3A80%2Fannounce&tr=udp%3A%2F%2Ftracker.opentrackr.org%3A1337%2Fannounce&tr=udp%3A%2F%2Fexodus.desync.com%3A6969%2Fannounce&tr=udp%3A%2F%2Ftracker.torrent.eu.org%3A451%2Fannounce,954234762
Water Seven,14,magnet:?xt=urn:btih:3db5f588f43b912d0c3b96a8b113a3ac92d32777&dn=%5BOne%20Pace%5D%5B358-359%5D%20Water%20Seven%2014%20%5B1080p%5D%5B203E5D6E%5D.mkv&tr=http%3A%2F%2Fnyaa.tracker.wf%3A7777%2Fannounce&tr=udp%3A%2F%2Fopen.stealth.si%3A80%2Fannounce&tr=udp%3A%2F%2Ftracker.opentrackr.org%3A1337%2Fannounce&tr=udp%3A%2F%2Fexodus.desync.com%3A6969%2Fannounce&tr=udp%3A%2F%2Ftracker.torrent.eu.org%3A451%2Fannounce,633371058
Water Seven,15,magnet:?xt=urn:btih:d85f798f06f91f45d9531df0abfbf863564517fb&dn=%5BOne%20Pace%5D%5B360-362%5D%20Water%20Seven%2015%20%5B1080p%5D%5B87F0C48B%5D.mkv&tr=http%3A%2F%2Fnyaa.tracker.wf%3A7777%2Fannounce&tr=udp%3A%2F%2Fopen.stealth.si%3A80%2Fannounce&tr=udp%3A%2F%2Ftracker.opentrackr.org%3A1337%2Fannounce&tr=udp%3A%2F%2Fexodus.desync.com%3A6969%2Fannounce&tr=udp%3A%2F%2Ftracker.torrent.eu.org%3A451%2Fannounce,993133749
Water Seven,16,magnet:?xt=urn:btih:ad30863829eeb7787198cedaed9825160c587893&dn=%5BOne%20Pace%5D%5B363-365%5D%20Water%20Seven%2016%20%5B1080p%5D%5BAF5B5194%5D.mkv&tr=http%3A%2F%2Fnyaa.tracker.wf%3A7777%2Fannounce&tr=udp%3A%2F%2Fopen.stealth.si%3A80%2Fannounce&tr=udp%3A%2F%2Ftracker.opentrackr.org%3A1337%2Fannounce&tr=udp%3A%2F%2Fexodus.desync.com%3A6969%2Fannounce&tr=udp%3A%2F%2Ftracker.torrent.eu.org%3A451%2Fannounce,991854562
Water Seven,17,magnet:?xt=urn:btih:8e6256aa057d6c88af4d7421ad4bdf1f0e266d92&dn=%5BOne%20Pace%5D%5B366-367%5D%20Water%20Seven%2017%20%5B1080p%5D%5BAB231A9E%5D.mkv&tr=http%3A%2F%2Fnyaa.tracker.wf%3A7777%2Fannounce&tr=udp%3A%2F%2Fopen.stealth.si%3A80%2Fannounce&tr=udp%3A%2F%2Ftracker.opentrackr.org%3A1337%2Fannounce&tr=udp%3A%2F%2Fexodus.desync.com%3A6969%2Fannounce&tr=udp%3A%2F%2Ftracker.torrent.eu.org%3A451%2Fannounce,1121668703
Water Seven,18,magnet:?xt=urn:btih:e9f8880e64198a5c75768a6a89218aa694cee9c0&dn=%5BOne%20Pace%5D%5B368-369%5D%20Water%20Seven%2018%20%5B1080p%5D%5B47D68652%5D.mkv&tr=http%3A%2F%2Fnyaa.tracker.wf%3A7777%2Fannounce&tr=udp%3A%2F%2Fopen.stealth.si%3A80%2Fannounce&tr=udp%3A%2F%2Ftracker.opentrackr.org%3A1337%2Fannounce&tr=udp%3A%2F%2Fexodus.desync.com%3A6969%2Fannounce&tr=udp%3A%2F%2Ftracker.torrent.eu.org%3A451%2Fannounce,702042086
Water Seven,19,magnet:?xt=urn:btih:b5c1549472cfc5856ad616b958d8520741e6ce6c&dn=%5BOne%20Pace%5D%5B370-371%5D%20Water%20Seven%2019%20%5B1080p%5D%5B1206A42A%5D.mkv&tr=http%3A%2F%2Fnyaa.tracker.wf%3A7777%2Fannounce&tr=udp%3A%2F%2Fopen.stealth.si%3A80%2Fannounce&tr=udp%3A%2F%2Ftracker.opentrackr.org%3A1337%2Fannounce&tr=udp%3A%2F%2Fexodus.desync.com%3A6969%2Fannounce&tr=udp%3A%2F%2Ftracker.torrent.eu.org%3A451%2Fannounce,928536970
Water Seven,20,magnet:?xt=urn:btih:048648996fbec99cb213893150d798a38efc3224&dn=%5BOne%20Pace%5D%5B372-374%5D%20Water%20Seven%2020%20%5B1080p%5D%5BF0FBC907%5D.mkv&tr=http%3A%2F%2Fnyaa.tracker.wf%3A7777%2Fannounce&tr=udp%3A%2F%2Fopen.stealth.si%3A80%2Fannounce&tr=udp%3A%2F%2Ftracker.opentrackr.org%3A1337%2Fannounce&tr=udp%3A%2F%2Fexodus.desync.com%3A6969%2Fannounce&tr=udp%3A%2F%2Ftracker.torrent.eu.org%3A451%2Fannounce,1235762281
Enies Lobby,01,magnet:?xt=urn:btih:c8919ae39648b5318b04a0828c61d4f6da9b24ca&dn=%5BOne%20Pace%5D%5B375-376%5D%20Enies%20Lobby%2001%20%5B1080p%5D%5B785FB818%5D.mkv&tr=http%3A%2F%2Fnyaa.tracker.wf%3A7777%2Fannounce&tr=udp%3A%2F%2Fopen.stealth.si%3A80%2Fannounce&tr=udp%3A%2F%2Ftracker.opentrackr.org%3A1337%2Fannounce&tr=udp%3A%2F%2Fexodus.desync.com%3A6969%2Fannounce&tr=udp%3A%2F%2Ftracker.torrent.eu.org%3A451%2Fannounce,814183691
Enies Lobby,02,magnet:?xt=urn:btih:1d5aec88a4e0ab7d1d190376f8a803583dc5c143&dn=%5BOne%20Pace%5D%5B376-378%5D%20Enies%20Lobby%2002%20%5B1080p%5D%5B495CDC31%5D.mkv&tr=http%3A%2F%2Fnyaa.tracker.wf%3A7777%2Fannounce&tr=udp%3A%2F%2Fopen.stealth.si%3A80%2Fannounce&tr=udp%3A%2F%2Ftracker.opentrackr.org%3A1337%2Fannounce&tr=udp%3A%2F%2Fexodus.desync.com%3A6969%2Fannounce&tr=udp%3A%2F%2Ftracker.torrent.eu.org%3A451%2Fannounce,741808727
Enies Lobby,03,magnet:?xt=urn:btih:f1f530b7a94aaa03d880ee145027c86e22f534d5&dn=%5BOne%20Pace%5D%5B379-380%5D%20Enies%20Lobby%2003%20%5B1080p%5D%5B861EE2FF%5D.mkv&tr=http%3A%2F%2Fnyaa.tracker.wf%3A7777%2Fannounce&tr=udp%3A%2F%2Fopen.stealth.si%3A80%2Fannounce&tr=udp%3A%2F%2Ftracker.opentrackr.org%3A1337%2Fannounce&tr=udp%3A%2F%2Fexodus.desync.com%3A6969%2Fannounce&tr=udp%3A%2F%2Ftracker.torrent.eu.org%3A451%2Fannounce,758072487
Enies Lobby,04,magnet:?xt=urn:btih:ac67df04e33cfab8a2fe354d8b88f4868ea487e8&dn=%5BOne%20Pace%5D%5B381-382%5D%20Enies%20Lobby%2004%20%5B1080p%5D%5B90B6D40E%5D.mkv&tr=http%3A%2F%2Fnyaa.tracker.wf%3A7777%2Fannounce&tr=udp%3A%2F%2Fopen.stealth.si%3A80%2Fannounce&tr=udp%3A%2F%2Ftracker.opentrackr.org%3A1337%2Fannounce&tr=udp%3A%2F%2Fexodus.desync.com%3A6969%2Fannounce&tr=udp%3A%2F%2Ftracker.torrent.eu.org%3A451%2Fannounce,1171231509
Enies Lobby,05,magnet:?xt=urn:btih:2bd136e5f4b127f1675afb1b0dbd43c95454c9ca&dn=%5BOne%20Pace%5D%5B383-385%5D%20Enies%20Lobby%2005%20%5B1080p%5D%5B07F7124B%5D.mkv&tr=http%3A%2F%2Fnyaa.tracker.wf%3A7777%2Fannounce&tr=udp%3A%2F%2Fopen.stealth.si%3A80%2Fannounce&tr=udp%3A%2F%2Ftracker.opentrackr.org%3A1337%2Fannounce&tr=udp%3A%2F%2Fexodus.desync.com%3A6969%2Fannounce&tr=udp%3A%2F%2Ftracker.torrent.eu.org%3A451%2Fannounce,971455336
Enies Lobby,06,magnet:?xt=urn:btih:37ec3fb6a391cb8b21538525db11d2908418b7cd&dn=%5BOne%20Pace%5D%5B385-387%5D%20Enies%20Lobby%2006%20%5B1080p%5D%5B46C9CFF8%5D.mkv&tr=http%3A%2F%2Fnyaa.tracker.wf%3A7777%2Fannounce&tr=udp%3A%2F%2Fopen.stealth.si%3A80%2Fannounce&tr=udp%3A%2F%2Ftracker.opentrackr.org%3A1337%2Fannounce&tr=udp%3A%2F%2Fexodus.desync.com%3A6969%2Fannounce&tr=udp%3A%2F%2Ftracker.torrent.eu.org%3A451%2Fannounce,719467286
Enies Lobby,07,magnet:?xt=urn:btih:69cd61bafd4cf0c4e343b2f71b5991990b42c72b&dn=%5BOne%20Pace%5D%5B388-390%5D%20Enies%20Lobby%2007%20%5B1080p%5D%5B3CA69C29%5D.mkv&tr=http%3A%2F%2Fnyaa.tracker.wf%3A7777%2Fannounce&tr=udp%3A%2F%2Fopen.stealth.si%3A80%2Fannounce&tr=udp%3A%2F%2Ftracker.opentrackr.org%3A1337%2Fannounce&tr=udp%3A%2F%2Fexodus.desync.com%3A6969%2Fannounce&tr=udp%3A%2F%2Ftracker.torrent.eu.org%3A451%2Fannounce,752430173
Enies Lobby,08,magnet:?xt=urn:btih:b2dfce7dd756a38619722ffab199a99a209954a7&dn=%5BOne%20Pace%5D%5B391-393%5D%20Enies%20Lobby%2008%20%5B1080p%5D%5B79695827%5D.mkv&tr=http%3A%2F%2Fnyaa.tracker.wf%3A7777%2Fannounce&tr=udp%3A%2F%2Fopen.stealth.si%3A80%2Fannounce&tr=udp%3A%2F%2Ftracker.opentrackr.org%3A1337%2Fannounce&tr=udp%3A%2F%2Fexodus.desync.com%3A6969%2Fannounce&tr=udp%3A%2F%2Ftracker.torrent.eu.org%3A451%2Fannounce,795514740
Enies Lobby,09,magnet:?xt=urn:btih:105f001c28ba7b73c0c1216ae92409dbdc183322&dn=%5BOne%20Pace%5D%5B394-396%5D%20Enies%20Lobby%2009%20%5B1080p%5D%5B88CB08F6%5D.mkv&tr=http%3A%2F%2Fnyaa.tracker.wf%3A7777%2Fannounce&tr=udp%3A%2F%2Fopen.stealth.si%3A80%2Fannounce&tr=udp%3A%2F%2Ftracker.opentrackr.org%3A1337%2Fannounce&tr=udp%3A%2F%2Fexodus.desync.com%3A6969%2Fannounce&tr=udp%3A%2F%2Ftracker.torrent.eu.org%3A451%2Fannounce,1034848881
Enies Lobby,10,magnet:?xt=urn:btih:fb20479dd483f1b97dc3b2348c56a8ba45530f70&dn=%5BOne%20Pace%5D%5B397-398%5D%20Enies%20Lobby%2010%20%5B1080p%5D%5B074A4A31%5D.mkv&tr=http%3A%2F%2Fnyaa.tracker.wf%3A7777%2Fannounce&tr=udp%3A%2F%2Fopen.stealth.si%3A80%2Fannounce&tr=udp%3A%2F%2Ftracker.opentrackr.org%3A1337%2Fannounce&tr=udp%3A%2F%2Fexodus.desync.com%3A6969%2Fannounce&tr=udp%3A%2F%2Ftracker.torrent.eu.org%3A451%2Fannounce,592431139
Enies Lobby,11,magnet:?xt=urn:btih:1305ccebb2193ef7249abc6a00b38b4c0cac92ff&dn=%5BOne%20Pace%5D%5B399-400%5D%20Enies%20Lobby%2011%20%5B720p%5D%5BCF6F1505%5D.mkv&tr=http%3A%2F%2Fnyaa.tracker.wf%3A7777%2Fannounce&tr=udp%3A%2F%2Fopen.stealth.si%3A80%2Fannounce&tr=udp%3A%2F%2Ftracker.opentrackr.org%3A1337%2Fannounce&tr=udp%3A%2F%2Fexodus.desync.com%3A6969%2Fannounce&tr=udp%3A%2F%2Ftracker.torrent.eu.org%3A451%2Fannounce,397514671
Enies Lobby,12,magnet:?xt=urn:btih:5b49e7a4640ec5b8e455ea5be5cef520fea82da7&dn=%5BOne%20Pace%5D%5B401-402%5D%20Enies%20Lobby%2012%20%5B720p%5D%5BDA166192%5D.mkv&tr=http%3A%2F%2Fnyaa.tracker.wf%3A7777%2Fannounce&tr=udp%3A%2F%2Fopen.stealth.si%3A80%2Fannounce&tr=udp%3A%2F%2Ftracker.opentrackr.org%3A1337%2Fannounce&tr=udp%3A%2F%2Fexodus.desync.com%3A6969%2Fannounce&tr=udp%3A%2F%2Ftracker.torrent.eu.org%3A451%2Fannounce,177462700
Enies Lobby,13,magnet:?xt=urn:btih:f9fd0d2e8447d92505d9a3d9c9e60d47105d9720&dn=%5BOne%20Pace%5D%5B403-404%5D%20Enies%20Lobby%2013%20%5B720p%5D%5BFE0F64E2%5D.mkv&tr=http%3A%2F%2Fnyaa.tracker.wf%3A7777%2Fannounce&tr=udp%3A%2F%2Fopen.stealth.si%3A80%2Fannounce&tr=udp%3A%2F%2Ftracker.opentrackr.org%3A1337%2Fannounce&tr=udp%3A%2F%2Fexodus.desync.com%3A6969%2Fannounce&tr=udp%3A%2F%2Ftracker.torrent.eu.org%3A451%2Fannounce,340676519
Enies Lobby,14,magnet:?xt=urn:btih:ec44626d4aac1bc12516cf7677f3a141cf5eafa5&dn=%5BOne%20Pace%5D%5B405-406%5D%20Enies%20Lobby%2014%20%5B1080p%5D%5BA9C9701B%5D.mkv&tr=http%3A%2F%2Fnyaa.tracker.wf%3A7777%2Fannounce&tr=udp%3A%2F%2Fopen.stealth.si%3A80%2Fannounce&tr=udp%3A%2F%2Ftracker.opentrackr.org%3A1337%2Fannounce&tr=udp%3A%2F%2Fexodus.desync.com%3A6969%2Fannounce&tr=udp%3A%2F%2Ftracker.torrent.eu.org%3A451%2Fannounce,381260750
Enies Lobby,15,magnet:?xt=urn:btih:7a490e03ce2488bd81cea75679e8590b40db004c&dn=%5BOne%20Pace%5D%5B407-408%5D%20Enies%20Lobby%2015%20%5B1080p%5D%5B160B1E51%5D.mkv&tr=http%3A%2F%2Fnyaa.tracker.wf%3A7777%2Fannounce&tr=udp%3A%2F%2Fopen.stealth.si%3A80%2Fannounce&tr=udp%3A%2F%2Ftracker.opentrackr.org%3A1337%2Fannounce&tr=udp%3A%2F%2Fexodus.desync.com%3A6969%2Fannounce&tr=udp%3A%2F%2Ftracker.torrent.eu.org%3A451%2Fannounce,376756354
Enies Lobby,16,magnet:?xt=urn:btih:30e6fcae8a70ef9d12e9dda2afa514b99bf402d6&dn=%5BOne%20Pace%5D%5B409-411%5D%20Enies%20Lobby%2016%20%5B1080p%5D%5B158476AB%5D.mkv&tr=http%3A%2F%2Fnyaa.tracker.wf%3A7777%2Fannounce&tr=udp%3A%2F%2Fopen.stealth.si%3A80%2Fannounce&tr=udp%3A%2F%2Ftracker.opentrackr.org%3A1337%2Fannounce&tr=udp%3A%2F%2Fexodus.desync.com%3A6969%2Fannounce&tr=udp%3A%2F%2Ftracker.torrent.eu.org%3A451%2Fannounce,893844223
Enies Lobby,17,magnet:?xt=urn:btih:4d3503626c56e2199ab7fdb911de35bf4605348a&dn=%5BOne%20Pace%5D%5B412-413%5D%20Enies%20Lobby%2017%20%5B1080p%5D%5B7562EF8D%5D.mkv&tr=http%3A%2F%2Fnyaa.tracker.wf%3A7777%2Fannounce&tr=udp%3A%2F%2Fopen.stealth.si%3A80%2Fannounce&tr=udp%3A%2F%2Ftracker.opentrackr.org%3A1337%2Fannounce&tr=udp%3A%2F%2Fexodus.desync.com%3A6969%2Fannounce&tr=udp%3A%2F%2Ftracker.torrent.eu.org%3A451%2Fannounce,845530892
Enies Lobby,18,magnet:?xt=urn:btih:ef9e5570bfb77108ddfd69536d804a3a4e00bc64&dn=%5BOne%20Pace%5D%5B414-415%5D%20Enies%20Lobby%2018%20%5B1080p%5D%5B64207B1A%5D.mkv&tr=http%3A%2F%2Fnyaa.tracker.wf%3A7777%2Fannounce&tr=udp%3A%2F%2Fopen.stealth.si%3A80%2Fannounce&tr=udp%3A%2F%2Ftracker.opentrackr.org%3A1337%2Fannounce&tr=udp%3A%2F%2Fexodus.desync.com%3A6969%2Fannounce&tr=udp%3A%2F%2Ftracker.torrent.eu.org%3A451%2Fannounce,651714155
Enies Lobby,19,magnet:?xt=urn:btih:764222f18a8a43868058a0069310bae6556bcbfc&dn=%5BOne%20Pace%5D%5B416-418%5D%20Enies%20Lobby%2019%20%5B1080p%5D%5BC4106519%5D.mkv&tr=http%3A%2F%2Fnyaa.tracker.wf%3A7777%2Fannounce&tr=udp%3A%2F%2Fopen.stealth.si%3A80%2Fannounce&tr=udp%3A%2F%2Ftracker.opentrackr.org%3A1337%2Fannounce&tr=udp%3A%2F%2Fexodus.desync.com%3A6969%2Fannounce&tr=udp%3A%2F%2Ftracker.torrent.eu.org%3A451%2Fannounce,997185191
Enies Lobby,20,magnet:?xt=urn:btih:4cab4c469be3e484489256907ec662acb8a87025&dn=%5BOne%20Pace%5D%5B419-420%5D%20Enies%20Lobby%2020%20%5B1080p%5D%5B5AC534CA%5D.mkv&tr=http%3A%2F%2Fnyaa.tracker.wf%3A7777%2Fannounce&tr=udp%3A%2F%2Fopen.stealth.si%3A80%2Fannounce&tr=udp%3A%2F%2Ftracker.opentrackr.org%3A1337%2Fannounce&tr=udp%3A%2F%2Fexodus.desync.com%3A6969%2Fannounce&tr=udp%3A%2F%2Ftracker.torrent.eu.org%3A451%2Fannounce,826333385
Enies Lobby,21,magnet:?xt=urn:btih:b2a2edbbb0a4d476f93b479d2d6215ee46387e00&dn=%5BOne%20Pace%5D%5B421-422%5D%20Enies%20Lobby%2021%20%5B1080p%5D%5B13D874FD%5D.mkv&tr=http%3A%2F%2Fnyaa.tracker.wf%3A7777%2Fannounce&tr=udp%3A%2F%2Fopen.stealth.si%3A80%2Fannounce&tr=udp%3A%2F%2Ftracker.opentrackr.org%3A1337%2Fannounce&tr=udp%3A%2F%2Fexodus.desync.com%3A6969%2Fannounce&tr=udp%3A%2F%2Ftracker.torrent.eu.org%3A451%2Fannounce,856656693
Enies Lobby,22,magnet:?xt=urn:btih:f35f39679a934efa762f054cde6137a0a147aceb&dn=%5BOne%20Pace%5D%5B423-424%5D%20Enies%20Lobby%2022%20%5B1080p%5D%5BC0B33E05%5D.mkv&tr=http%3A%2F%2Fnyaa.tracker.wf%3A7777%2Fannounce&tr=udp%3A%2F%2Fopen.stealth.si%3A80%2Fannounce&tr=udp%3A%2F%2Ftracker.opentrackr.org%3A1337%2Fannounce&tr=udp%3A%2F%2Fexodus.desync.com%3A6969%2Fannounce&tr=udp%3A%2F%2Ftracker.torrent.eu.org%3A451%2Fannounce,821725508
Enies Lobby,23,magnet:?xt=urn:btih:bef6efff0f7c81422ca057a2e575363eb0b350f3&dn=%5BOne%20Pace%5D%5B425-427%5D%20Enies%20Lobby%2023%20%5B1080p%5D%20%5BDual-Audio%5D&tr=http%3A%2F%2Fnyaa.tracker.wf%3A7777%2Fannounce&tr=udp%3A%2F%2Fopen.stealth.si%3A80%2Fannounce&tr=udp%3A%2F%2Ftracker.opentrackr.org%3A1337%2Fannounce&tr=udp%3A%2F%2Fexodus.desync.com%3A6969%2Fannounce&tr=udp%3A%2F%2Ftracker.torrent.eu.org%3A451%2Fannounce,1237036137
Enies Lobby,24,magnet:?xt=urn:btih:d23029c1860a74513bac08372ee2c9f43a56550b&dn=%5BOne%20Pace%5D%5B428-429%5D%20Enies%20Lobby%2024%20%5B1080p%5D%20%5BDual-Audio%5D&tr=http%3A%2F%2Fnyaa.tracker.wf%3A7777%2Fannounce&tr=udp%3A%2F%2Fopen.stealth.si%3A80%2Fannounce&tr=udp%3A%2F%2Ftracker.opentrackr.org%3A1337%2Fannounce&tr=udp%3A%2F%2Fexodus.desync.com%3A6969%2Fannounce&tr=udp%3A%2F%2Ftracker.torrent.eu.org%3A451%2Fannounce,1019372720
Enies Lobby,25,magnet:?xt=urn:btih:7e24c561da498f298ff137f5462d5fe89b38edff&dn=%5BOne%20Pace%5D%5B430%5D%20Enies%20Lobby%2025%20%5B1080p%5D%20%5BDual-Audio%5D&tr=http%3A%2F%2Fnyaa.tracker.wf%3A7777%2Fannounce&tr=udp%3A%2F%2Fopen.stealth.si%3A80%2Fannounce&tr=udp%3A%2F%2Ftracker.opentrackr.org%3A1337%2Fannounce&tr=udp%3A%2F%2Fexodus.desync.com%3A6969%2Fannounce&tr=udp%3A%2F%2Ftracker.torrent.eu.org%3A451%2Fannounce,517299436
Post-Enies Lobby,,magnet:?xt=urn:btih:59497fc3d9a6dbcdbaced48eaa9f5ba2047614df&dn=%5BOne%20Pace%5D%5B431-441%5D%20Post-Enies%20Lobby%20%5B720p%5D&tr=http%3A%2F%2Fnyaa.tracker.wf%3A7777%2Fannounce&tr=udp%3A%2F%2Fopen.stealth.si%3A80%2Fannounce&tr=udp%3A%2F%2Ftracker.opentrackr.org%3A1337%2Fannounce&tr=udp%3A%2F%2Fexodus.desync.com%3A6969%2Fannounce&tr=udp%3A%2F%2Ftracker.torrent.eu.org%3A451%2Fannounce,2179978398
Thriller Bark,,magnet:?xt=urn:btih:2c83d7ba67a243de5995f687073787341c69958c&dn=%5BOne%20Pace%5D%5B442-489%5D%20Thriller%20Bark%20%5B720p%5D&tr=http%3A%2F%2Fnyaa.tracker.wf%3A7777%2Fannounce&tr=udp%3A%2F%2Fopen.stealth.si%3A80%2Fannounce&tr=udp%3A%2F%2Ftracker.opentrackr.org%3A1337%2Fannounce&tr=udp%3A%2F%2Fexodus.desync.com%3A6969%2Fannounce&tr=udp%3A%2F%2Ftracker.torrent.eu.org%3A451%2Fannounce,7821753979
Sabaody Archipelago,,magnet:?xt=urn:btih:2589926c8f90e8f031a6caeab93bcd5b79990c0e&dn=%5BOne%20Pace%5D%5B490-513%5D%20Sabaody%20Archipelago%20%5B720p%5D&tr=http%3A%2F%2Fnyaa.tracker.wf%3A7777%2Fannounce&tr=udp%3A%2F%2Fopen.stealth.si%3A80%2Fannounce&tr=udp%3A%2F%2Ftracker.opentrackr.org%3A1337%2Fannounce&tr=udp%3A%2F%2Fexodus.desync.com%3A6969%2Fannounce&tr=udp%3A%2F%2Ftracker.torrent.eu.org%3A451%2Fannounce,3394412000
Amazon Lily,,magnet:?xt=urn:btih:1f62e2583956c412f8550672bc8066c5e96ab0a8&dn=%5BOne%20Pace%5D%5B514-524%5D%20Amazon%20Lily%20%5B720p%5D&tr=http%3A%2F%2Fnyaa.tracker.wf%3A7777%2Fannounce&tr=udp%3A%2F%2Fopen.stealth.si%3A80%2Fannounce&tr=udp%3A%2F%2Ftracker.opentrackr.org%3A1337%2Fannounce&tr=udp%3A%2F%2Fexodus.desync.com%3A6969%2Fannounce&tr=udp%3A%2F%2Ftracker.torrent.eu.org%3A451%2Fannounce,1458547853
Impel Down,,magnet:?xt=urn:btih:2e1a040b1de930368ae027be070e6e8bc134b709&dn=%5BOne%20Pace%5D%5B525-548%5D%20Impel%20Down%20%5B720p%5D&tr=http%3A%2F%2Fnyaa.tracker.wf%3A7777%2Fannounce&tr=udp%3A%2F%2Fopen.stealth.si%3A80%2Fannounce&tr=udp%3A%2F%2Ftracker.opentrackr.org%3A1337%2Fannounce&tr=udp%3A%2F%2Fexodus.desync.com%3A6969%2Fannounce&tr=udp%3A%2F%2Ftracker.torrent.eu.org%3A451%2Fannounce,2890704310
If You Could Go Anywhere... The Adventures of the Straw Hats,,magnet:?xt=urn:btih:48112bfe29daffd541040e566d37607ea1835ceb&dn=%5BOne%20Pace%5D%5B543-560%5D%20If%20You%20Could%20Go%20Anywhere...%20The%20Adventures%20of%20the%20Straw%20Hats%20%5B1080p%5D%5B2BC41092%5D.mkv&tr=http%3A%2F%2Fnyaa.tracker.wf%3A7777%2Fannounce&tr=udp%3A%2F%2Fopen.stealth.si%3A80%2Fannounce&tr=udp%3A%2F%2Ftracker.opentrackr.org%3A1337%2Fannounce&tr=udp%3A%2F%2Fexodus.desync.com%3A6969%2Fannounce&tr=udp%3A%2F%2Ftracker.torrent.eu.org%3A451%2Fannounce,670343732
Marineford,,magnet:?xt=urn:btih:3e96ef072e3798dc20d9c9fe21700eee27ff8312&dn=%5BOne%20Pace%5D%5B549-580%5D%20Marineford%20%5B720p%5D%5BENG-ESP%5D&tr=http%3A%2F%2Fnyaa.tracker.wf%3A7777%2Fannounce&tr=udp%3A%2F%2Fopen.stealth.si%3A80%2Fannounce&tr=udp%3A%2F%2Ftracker.opentrackr.org%3A1337%2Fannounce&tr=udp%3A%2F%2Fexodus.desync.com%3A6969%2Fannounce&tr=udp%3A%2F%2Ftracker.torrent.eu.org%3A451%2Fannounce,3670690708
Post-War,01,magnet:?xt=urn:btih:378ac16275940673ebac803955fcde9c8718d661&dn=%5BOne%20Pace%5D%5B581-582%5D%20Post-War%2001%20%5B1080p%5D%5BDual-Audio%5D&tr=http%3A%2F%2Fnyaa.tracker.wf%3A7777%2Fannounce&tr=udp%3A%2F%2Fopen.stealth.si%3A80%2Fannounce&tr=udp%3A%2F%2Ftracker.opentrackr.org%3A1337%2Fannounce&tr=udp%3A%2F%2Fexodus.desync.com%3A6969%2Fannounce&tr=udp%3A%2F%2Ftracker.torrent.eu.org%3A451%2Fannounce,425789592
Post-War,02,magnet:?xt=urn:btih:535cb2a580f3051871405411a4484d45db62ee54&dn=%5BOne%20Pace%5D%5B583-584%5D%20Post-War%2002%20%5B1080p%5D%5BDual-Audio%5D&tr=http%3A%2F%2Fnyaa.tracker.wf%3A7777%2Fannounce&tr=udp%3A%2F%2Fopen.stealth.si%3A80%2Fannounce&tr=udp%3A%2F%2Ftracker.opentrackr.org%3A1337%2Fannounce&tr=udp%3A%2F%2Fexodus.desync.com%3A6969%2Fannounce&tr=udp%3A%2F%2Ftracker.torrent.eu.org%3A451%2Fannounce,462172496
Post-War,03,magnet:?xt=urn:btih:b15d098996eff6129be674891ae4cb14645c780f&dn=%5BOne%20Pace%5D%5B585-586%5D%20Post-War%2003%20%5B1080p%5D%5BDual-Audio%5D&tr=http%3A%2F%2Fnyaa.tracker.wf%3A7777%2Fannounce&tr=udp%3A%2F%2Fopen.stealth.si%3A80%2Fannounce&tr=udp%3A%2F%2Ftracker.opentrackr.org%3A1337%2Fannounce&tr=udp%3A%2F%2Fexodus.desync.com%3A6969%2Fannounce&tr=udp%3A%2F%2Ftracker.torrent.eu.org%3A451%2Fannounce,534293280
Post-War,04,magnet:?xt=urn:btih:4a03c4b6eea6bb621839a8f55fc56dab9942ae68&dn=%5BOne%20Pace%5D%5B587-588%5D%20Post-War%2004%20%5B1080p%5D%5BDual-Audio%5D&tr=http%3A%2F%2Fnyaa.tracker.wf%3A7777%2Fannounce&tr=udp%3A%2F%2Fopen.stealth.si%3A80%2Fannounce&tr=udp%3A%2F%2Ftracker.opentrackr.org%3A1337%2Fannounce&tr=udp%3A%2F%2Fexodus.desync.com%3A6969%2Fannounce&tr=udp%3A%2F%2Ftracker.torrent.eu.org%3A451%2Fannounce,484535188
Post-War,05,magnet:?xt=urn:btih:eacbf73c4965a12fbf2eb97e4db53151ff39788f&dn=%5BOne%20Pace%5D%5B589-590%5D%20Post-War%2005%20%5B1080p%5D%5BDual-Audio%5D&tr=http%3A%2F%2Fnyaa.tracker.wf%3A7777%2Fannounce&tr=udp%3A%2F%2Fopen.stealth.si%3A80%2Fannounce&tr=udp%3A%2F%2Ftracker.opentrackr.org%3A1337%2Fannounce&tr=udp%3A%2F%2Fexodus.desync.com%3A6969%2Fannounce&tr=udp%3A%2F%2Ftracker.torrent.eu.org%3A451%2Fannounce,542343516
Post-War,06,magnet:?xt=urn:btih:84a9b78f6f96dd7ab28c51cfe1917e97470cc7ab&dn=%5BOne%20Pace%5D%5B591-592%5D%20Post-War%2006%20%5B1080p%5D%5BDual-Audio%5D&tr=http%3A%2F%2Fnyaa.tracker.wf%3A7777%2Fannounce&tr=udp%3A%2F%2Fopen.stealth.si%3A80%2Fannounce&tr=udp%3A%2F%2Ftracker.opentrackr.org%3A1337%2Fannounce&tr=udp%3A%2F%2Fexodus.desync.com%3A6969%2Fannounce&tr=udp%3A%2F%2Ftracker.torrent.eu.org%3A451%2Fannounce,574747408
Post-War,07,magnet:?xt=urn:btih:53b3c345c97722e5840573c7781d8c09583434dd&dn=%5BOne%20Pace%5D%5B593-594%5D%20Post-War%2007%20%5B1080p%5D%5BD85BC22C%5D.mkv&tr=http%3A%2F%2Fnyaa.tracker.wf%3A7777%2Fannounce&tr=udp%3A%2F%2Fopen.stealth.si%3A80%2Fannounce&tr=udp%3A%2F%2Ftracker.opentrackr.org%3A1337%2Fannounce&tr=udp%3A%2F%2Fexodus.desync.com%3A6969%2Fannounce&tr=udp%3A%2F%2Ftracker.torrent.eu.org%3A451%2Fannounce,466058894
Post-War,08,magnet:?xt=urn:btih:ea2c5500648c09321acf2be9aee11fc8a798af7b&dn=%5BOne%20Pace%5D%5B595-597%5D%20Post-War%2008%20%5B1080p%5D%5B178190BC%5D.mkv&tr=http%3A%2F%2Fnyaa.tracker.wf%3A7777%2Fannounce&tr=udp%3A%2F%2Fopen.stealth.si%3A80%2Fannounce&tr=udp%3A%2F%2Ftracker.opentrackr.org%3A1337%2Fannounce&tr=udp%3A%2F%2Fexodus.desync.com%3A6969%2Fannounce&tr=udp%3A%2F%2Ftracker.torrent.eu.org%3A451%2Fannounce,1648634283
Return to Sabaody,,magnet:?xt=urn:btih:77cc4c78deedc5b7048cd72620688bf37de17032&dn=%5BOne%20Pace%5D%5B598-602%5D%20Return%20to%20Sabaody%20%5B1080p%5D&tr=http%3A%2F%2Fnyaa.tracker.wf%3A7777%2Fannounce&tr=udp%3A%2F%2Fopen.stealth.si%3A80%2Fannounce&tr=udp%3A%2F%2Ftracker.opentrackr.org%3A1337%2Fannounce&tr=udp%3A%2F%2Fexodus.desync.com%3A6969%2Fannounce&tr=udp%3A%2F%2Ftracker.torrent.eu.org%3A451%2Fannounce,2392091846
Fishman Island,,magnet:?xt=urn:btih:fd204b5dc346f5458f7f04cf1ad98679aaf9586e&dn=%5BOne%20Pace%5D%5B603-653%5D%20Fishman%20Island%20%5B720p%5D&tr=http%3A%2F%2Fnyaa.tracker.wf%3A7777%2Fannounce&tr=udp%3A%2F%2Fopen.stealth.si%3A80%2Fannounce&tr=udp%3A%2F%2Ftracker.opentrackr.org%3A1337%2Fannounce&tr=udp%3A%2F%2Fexodus.desync.com%3A6969%2Fannounce&tr=udp%3A%2F%2Ftracker.torrent.eu.org%3A451%2Fannounce,14426319867
Punk Hazard,,magnet:?xt=urn:btih:bcdff039cd7c01f2ffb78799b4082d91de25b2fb&dn=%5BOne%20Pace%5D%5B654-699%5D%20Punk%20Hazard%20%5B720p%5D&tr=http%3A%2F%2Fnyaa.tracker.wf%3A7777%2Fannounce&tr=udp%3A%2F%2Fopen.stealth.si%3A80%2Fannounce&tr=udp%3A%2F%2Ftracker.opentrackr.org%3A1337%2Fannounce&tr=udp%3A%2F%2Fexodus.desync.com%3A6969%2Fannounce&tr=udp%3A%2F%2Ftracker.torrent.eu.org%3A451%2Fannounce,10717125409
Dressrosa,,magnet:?xt=urn:btih:a031cac6baf81b804c4d034dfaef0e5e4a671145&dn=%5BOne%20Pace%5D%5B700-800%5D%20Dressrosa%20%5B720p%5D&tr=http%3A%2F%2Fnyaa.tracker.wf%3A7777%2Fannounce&tr=udp%3A%2F%2Fopen.stealth.si%3A80%2Fannounce&tr=udp%3A%2F%2Ftracker.opentrackr.org%3A1337%2Fannounce&tr=udp%3A%2F%2Fexodus.desync.com%3A6969%2Fannounce&tr=udp%3A%2F%2Ftracker.torrent.eu.org%3A451%2Fannounce,13515779053
Zou,,magnet:?xt=urn:btih:5c027631a28242814a6cf1fe24f455b70bca14bc&dn=%5BOne%20Pace%5D%5B801-822%5D%20Zou%20%5B720p%5D&tr=http%3A%2F%2Fnyaa.tracker.wf%3A7777%2Fannounce&tr=udp%3A%2F%2Fopen.stealth.si%3A80%2Fannounce&tr=udp%3A%2F%2Ftracker.opentrackr.org%3A1337%2Fannounce&tr=udp%3A%2F%2Fexodus.desync.com%3A6969%2Fannounce&tr=udp%3A%2F%2Ftracker.torrent.eu.org%3A451%2Fannounce,2280041475
Whole Cake Island,,magnet:?xt=urn:btih:8eae38e998ff4e537f0974ab4249f89479fb644d&dn=%5BOne%20Pace%5D%5B823-902%5D%20Whole%20Cake%20Island%20%5B720p%5D%5BENG-ESP%5D&tr=http%3A%2F%2Fnyaa.tracker.wf%3A7777%2Fannounce&tr=udp%3A%2F%2Fopen.stealth.si%3A80%2Fannounce&tr=udp%3A%2F%2Ftracker.opentrackr.org%3A1337%2Fannounce&tr=udp%3A%2F%2Fexodus.desync.com%3A6969%2Fannounce&tr=udp%3A%2F%2Ftracker.torrent.eu.org%3A451%2Fannounce,9812572475
Reverie,,magnet:?xt=urn:btih:4d9497e964d820760adf11e47664df3091b808f2&dn=%5BOne%20Pace%5D%5B903-908%5D%20Reverie%20%5B1080p%5D&tr=http%3A%2F%2Fnyaa.tracker.wf%3A7777%2Fannounce&tr=udp%3A%2F%2Fopen.stealth.si%3A80%2Fannounce&tr=udp%3A%2F%2Ftracker.opentrackr.org%3A1337%2Fannounce&tr=udp%3A%2F%2Fexodus.desync.com%3A6969%2Fannounce&tr=udp%3A%2F%2Ftracker.torrent.eu.org%3A451%2Fannounce,2930937260
Wano,01-12,magnet:?xt=urn:btih:d67ed82392c28cb6c40509383ba70bfb4e6aefdf&dn=%5BOne%20Pace%5D%5B909-924%5D%20Wano%20Act%201&tr=http%3A%2F%2Fnyaa.tracker.wf%3A7777%2Fannounce&tr=udp%3A%2F%2Fopen.stealth.si%3A80%2Fannounce&tr=udp%3A%2F%2Ftracker.opentrackr.org%3A1337%2Fannounce&tr=udp%3A%2F%2Fexodus.desync.com%3A6969%2Fannounce&tr=udp%3A%2F%2Ftracker.torrent.eu.org%3A451%2Fannounce,9358584125
Wano,13,magnet:?xt=urn:btih:7bb74e6d6cb948274a02e389732418ad5d2aa39a&dn=%5BOne%20Pace%5D%5B925-926%5D%20Wano%2013%20%5B1080p%5D%5BDCF7AD65%5D.mkv&tr=http%3A%2F%2Fnyaa.tracker.wf%3A7777%2Fannounce&tr=udp%3A%2F%2Fopen.stealth.si%3A80%2Fannounce&tr=udp%3A%2F%2Ftracker.opentrackr.org%3A1337%2Fannounce&tr=udp%3A%2F%2Fexodus.desync.com%3A6969%2Fannounce&tr=udp%3A%2F%2Ftracker.torrent.eu.org%3A451%2Fannounce,860877237
Wano,14,magnet:?xt=urn:btih:cdb26d84fba1712004b04a26d5484c766dfe1263&dn=%5BOne%20Pace%5D%5B926-927%5D%20Wano%2014%20%5B1080p%5D%5BBF92DCAF%5D.mkv&tr=http%3A%2F%2Fnyaa.tracker.wf%3A7777%2Fannounce&tr=udp%3A%2F%2Fopen.stealth.si%3A80%2Fannounce&tr=udp%3A%2F%2Ftracker.opentrackr.org%3A1337%2Fannounce&tr=udp%3A%2F%2Fexodus.desync.com%3A6969%2Fannounce&tr=udp%3A%2F%2Ftracker.torrent.eu.org%3A451%2Fannounce,1143728725
Wano,15,magnet:?xt=urn:btih:1e8b4afc42cce0c51f7b72973de5b90f18246459&dn=%5BOne%20Pace%5D%5B928-930%5D%20Wano%2015%20%5B1080p%5D%5BAE6ABE84%5D.mkv%20%28v2%29&tr=http%3A%2F%2Fnyaa.tracker.wf%3A7777%2Fannounce&tr=udp%3A%2F%2Fopen.stealth.si%3A80%2Fannounce&tr=udp%3A%2F%2Ftracker.opentrackr.org%3A1337%2Fannounce&tr=udp%3A%2F%2Fexodus.desync.com%3A6969%2Fannounce&tr=udp%3A%2F%2Ftracker.torrent.eu.org%3A451%2Fannounce,1268131455
Wano,16,magnet:?xt=urn:btih:679f3a126c68708414677326663f1be953a4588c&dn=%5BOne%20Pace%5D%5B930-931%5D%20Wano%2016%20%5B1080p%5D%5B9FA61F60%5D.mkv&tr=http%3A%2F%2Fnyaa.tracker.wf%3A7777%2Fannounce&tr=udp%3A%2F%2Fopen.stealth.si%3A80%2Fannounce&tr=udp%3A%2F%2Ftracker.opentrackr.org%3A1337%2Fannounce&tr=udp%3A%2F%2Fexodus.desync.com%3A6969%2Fannounce&tr=udp%3A%2F%2Ftracker.torrent.eu.org%3A451%2Fannounce,1224229851
Wano,17,magnet:?xt=urn:btih:ada27ed07c9bdb8339f563ea3a972e810db9c241&dn=%5BOne%20Pace%5D%5B932-933%5D%20Wano%2017%20%5B1080p%5D%5BD2E02F36%5D.mkv&tr=http%3A%2F%2Fnyaa.tracker.wf%3A7777%2Fannounce&tr=udp%3A%2F%2Fopen.stealth.si%3A80%2Fannounce&tr=udp%3A%2F%2Ftracker.opentrackr.org%3A1337%2Fannounce&tr=udp%3A%2F%2Fexodus.desync.com%3A6969%2Fannounce&tr=udp%3A%2F%2Ftracker.torrent.eu.org%3A451%2Fannounce,1562627097
Wano,18,magnet:?xt=urn:btih:ee98dc9217e39a1142d34593fd1f69f370844d9f&dn=%5BOne%20Pace%5D%5B934-935%5D%20Wano%2018%20%5B1080p%5D%5B94F78CF3%5D.mkv&tr=http%3A%2F%2Fnyaa.tracker.wf%3A7777%2Fannounce&tr=udp%3A%2F%2Fopen.stealth.si%3A80%2Fannounce&tr=udp%3A%2F%2Ftracker.opentrackr.org%3A1337%2Fannounce&tr=udp%3A%2F%2Fexodus.desync.com%3A6969%2Fannounce&tr=udp%3A%2F%2Ftracker.torrent.eu.org%3A451%2Fannounce,1241697509
Wano,19,magnet:?xt=urn:btih:21bfa9becd4b71b3f39a102b5182d4b5df601801&dn=%5BOne%20Pace%5D%5B936-938%5D%20Wano%2019%20%5B1080p%5D%5B6C9E8055%5D.mkv&tr=http%3A%2F%2Fnyaa.tracker.wf%3A7777%2Fannounce&tr=udp%3A%2F%2Fopen.stealth.si%3A80%2Fannounce&tr=udp%3A%2F%2Ftracker.opentrackr.org%3A1337%2Fannounce&tr=udp%3A%2F%2Fexodus.desync.com%3A6969%2Fannounce&tr=udp%3A%2F%2Ftracker.torrent.eu.org%3A451%2Fannounce,1495040307
Wano,20,magnet:?xt=urn:btih:d587b519994e3a8f771d188981f7a59fd6d578e5&dn=%5BOne%20Pace%5D%5B938-939%5D%20Wano%2020%20%5B1080p%5D%5B93376225%5D&tr=http%3A%2F%2Fnyaa.tracker.wf%3A7777%2Fannounce&tr=udp%3A%2F%2Fopen.stealth.si%3A80%2Fannounce&tr=udp%3A%2F%2Ftracker.opentrackr.org%3A1337%2Fannounce&tr=udp%3A%2F%2Fexodus.desync.com%3A6969%2Fannounce&tr=udp%3A%2F%2Ftracker.torrent.eu.org%3A451%2Fannounce,1807557413
Wano,21,magnet:?xt=urn:btih:b1a87c6668cce9523fe8c56556fedb18438a242b&dn=%5BOne%20Pace%5D%5B940-941%5D%20Wano%2021%20%5B1080p%5D%5B0B965026%5D.mkv&tr=http%3A%2F%2Fnyaa.tracker.wf%3A7777%2Fannounce&tr=udp%3A%2F%2Fopen.stealth.si%3A80%2Fannounce&tr=udp%3A%2F%2Ftracker.opentrackr.org%3A1337%2Fannounce&tr=udp%3A%2F%2Fexodus.desync.com%3A6969%2Fannounce&tr=udp%3A%2F%2Ftracker.torrent.eu.org%3A451%2Fannounce,1543947195
Wano,22,magnet:?xt=urn:btih:555b93c2e368c9f652ff4fff987d5fbc3c3bad6b&dn=%5BOne%20Pace%5D%5B941-942%5D%20Wano%2022%20%5B1080p%5D%5B9F63AF78%5D.mkv&tr=http%3A%2F%2Fnyaa.tracker.wf%3A7777%2Fannounce&tr=udp%3A%2F%2Fopen.stealth.si%3A80%2Fannounce&tr=udp%3A%2F%2Ftracker.opentrackr.org%3A1337%2Fannounce&tr=udp%3A%2F%2Fexodus.desync.com%3A6969%2Fannounce&tr=udp%3A%2F%2Ftracker.torrent.eu.org%3A451%2Fannounce,1475685550
Wano,23,magnet:?xt=urn:btih:04f41b47c4144307737eafa4b03c58d4ddea4ba8&dn=%5BOne%20Pace%5D%5B943-944%5D%20Wano%2023%20%5B1080p%5D%5B37670A03%5D.mkv&tr=http%3A%2F%2Fnyaa.tracker.wf%3A7777%2Fannounce&tr=udp%3A%2F%2Fopen.stealth.si%3A80%2Fannounce&tr=udp%3A%2F%2Ftracker.opentrackr.org%3A1337%2Fannounce&tr=udp%3A%2F%2Fexodus.desync.com%3A6969%2Fannounce&tr=udp%3A%2F%2Ftracker.torrent.eu.org%3A451%2Fannounce,1995223677
Wano,24,magnet:?xt=urn:btih:1806979f06ae1560485ef48bd1983d42aa5b5696&dn=%5BOne%20Pace%5D%5B945%5D%20Wano%2024%20%5B1080p%5D%5B6173BCE1%5D.mkv&tr=http%3A%2F%2Fnyaa.tracker.wf%3A7777%2Fannounce&tr=udp%3A%2F%2Fopen.stealth.si%3A80%2Fannounce&tr=udp%3A%2F%2Ftracker.opentrackr.org%3A1337%2Fannounce&tr=udp%3A%2F%2Fexodus.desync.com%3A6969%2Fannounce&tr=udp%3A%2F%2Ftracker.torrent.eu.org%3A451%2Fannounce,1210697023
Wano,25,magnet:?xt=urn:btih:6a26cb6bb9d3f8259fd54a610acbe7b8fc1039bc&dn=%5BOne%20Pace%5D%5B946-947%5D%20Wano%2025%20%5B1080p%5D%5BC3825063%5D.mkv&tr=http%3A%2F%2Fnyaa.tracker.wf%3A7777%2Fannounce&tr=udp%3A%2F%2Fopen.stealth.si%3A80%2Fannounce&tr=udp%3A%2F%2Ftracker.opentrackr.org%3A1337%2Fannounce&tr=udp%3A%2F%2Fexodus.desync.com%3A6969%2Fannounce&tr=udp%3A%2F%2Ftracker.torrent.eu.org%3A451%2Fannounce,1877307935
Wano,26,magnet:?xt=urn:btih:0a9639f371dbd1270c79b058309aeba62d91ebc6&dn=%5BOne%20Pace%5D%5B948-949%5D%20Wano%2026%20%5B1080p%5D%5BF3E829E8%5D.mkv&tr=http%3A%2F%2Fnyaa.tracker.wf%3A7777%2Fannounce&tr=udp%3A%2F%2Fopen.stealth.si%3A80%2Fannounce&tr=udp%3A%2F%2Ftracker.opentrackr.org%3A1337%2Fannounce&tr=udp%3A%2F%2Fexodus.desync.com%3A6969%2Fannounce&tr=udp%3A%2F%2Ftracker.torrent.eu.org%3A451%2Fannounce,1794955826
Wano,27,magnet:?xt=urn:btih:b164abb99ea78b42c76b575a1591991302185d0d&dn=%5BOne%20Pace%5D%5B950-951%5D%20Wano%2027%20%5B1080p%5D%5B3CC8226D%5D.mkv&tr=http%3A%2F%2Fnyaa.tracker.wf%3A7777%2Fannounce&tr=udp%3A%2F%2Fopen.stealth.si%3A80%2Fannounce&tr=udp%3A%2F%2Ftracker.opentrackr.org%3A1337%2Fannounce&tr=udp%3A%2F%2Fexodus.desync.com%3A6969%2Fannounce&tr=udp%3A%2F%2Ftracker.torrent.eu.org%3A451%2Fannounce,2033959013
Wano,28,magnet:?xt=urn:btih:b49ba708f178848d3430cbb7899ab0f8caecfdf1&dn=%5BOne%20Pace%5D%5B951-952%5D%20Wano%2028%20%5B1080p%5D%5B22F81B0E%5D.mkv&tr=http%3A%2F%2Fnyaa.tracker.wf%3A7777%2Fannounce&tr=udp%3A%2F%2Fopen.stealth.si%3A80%2Fannounce&tr=udp%3A%2F%2Ftracker.opentrackr.org%3A1337%2Fannounce&tr=udp%3A%2F%2Fexodus.desync.com%3A6969%2Fannounce&tr=udp%3A%2F%2Ftracker.torrent.eu.org%3A451%2Fannounce,1502115564
Wano,29,magnet:?xt=urn:btih:0c335ffe392916183f738e9831c1379b2c432601&dn=%5BOne%20Pace%5D%5B953-954%5D%20Wano%2029%20%5B1080p%5D%5B5C7E0604%5D.mkv&tr=http%3A%2F%2Fnyaa.tracker.wf%3A7777%2Fannounce&tr=udp%3A%2F%2Fopen.stealth.si%3A80%2Fannounce&tr=udp%3A%2F%2Ftracker.opentrackr.org%3A1337%2Fannounce&tr=udp%3A%2F%2Fexodus.desync.com%3A6969%2Fannounce&tr=udp%3A%2F%2Ftracker.torrent.eu.org%3A451%2Fannounce,1639579958
Wano,30,magnet:?xt=urn:btih:e8cca1f69b748d85fd6a5f3eba2701ef6220cfb8&dn=%5BOne%20Pace%5D%5B954-955%5D%20Wano%2030%20%5B1080p%5D%5B43A0D1DF%5D.mkv&tr=http%3A%2F%2Fnyaa.tracker.wf%3A7777%2Fannounce&tr=udp%3A%2F%2Fopen.stealth.si%3A80%2Fannounce&tr=udp%3A%2F%2Ftracker.opentrackr.org%3A1337%2Fannounce&tr=udp%3A%2F%2Fexodus.desync.com%3A6969%2Fannounce&tr=udp%3A%2F%2Ftracker.torrent.eu.org%3A451%2Fannounce,1487979986
Wano,31,magnet:?xt=urn:btih:8d0650670a3b6de5de5b9411057e984d86247d9a&dn=%5BOne%20Pace%5D%5B956%5D%20Wano%2031%20%5B1080p%5D%5BF6C7EB83%5D.mkv&tr=http%3A%2F%2Fnyaa.tracker.wf%3A7777%2Fannounce&tr=udp%3A%2F%2Fopen.stealth.si%3A80%2Fannounce&tr=udp%3A%2F%2Ftracker.opentrackr.org%3A1337%2Fannounce&tr=udp%3A%2F%2Fexodus.desync.com%3A6969%2Fannounce&tr=udp%3A%2F%2Ftracker.torrent.eu.org%3A451%2Fannounce,924866607
Wano,32,magnet:?xt=urn:btih:89bdea16caeaa66658592cd75be624c0a9dce31a&dn=%5BOne%20Pace%5D%5B957%5D%20Wano%2032%20%5B1080p%5D%5B29B91F56%5D.mkv&tr=http%3A%2F%2Fnyaa.tracker.wf%3A7777%2Fannounce&tr=udp%3A%2F%2Fopen.stealth.si%3A80%2Fannounce&tr=udp%3A%2F%2Ftracker.opentrackr.org%3A1337%2Fannounce&tr=udp%3A%2F%2Fexodus.desync.com%3A6969%2Fannounce&tr=udp%3A%2F%2Ftracker.torrent.eu.org%3A451%2Fannounce,757415203
Wano,33,magnet:?xt=urn:btih:8bb2c2f222f540c60d0a57fa54a6065e2c2da271&dn=%5BOne%20Pace%5D%5B958-959%5D%20Wano%2033%20%5B1080p%5D%5BE3AB2BA0%5D.mkv&tr=http%3A%2F%2Fnyaa.tracker.wf%3A7777%2Fannounce&tr=udp%3A%2F%2Fopen.stealth.si%3A80%2Fannounce&tr=udp%3A%2F%2Ftracker.opentrackr.org%3A1337%2Fannounce&tr=udp%3A%2F%2Fexodus.desync.com%3A6969%2Fannounce&tr=udp%3A%2F%2Ftracker.torrent.eu.org%3A451%2Fannounce,1434158364
Wano,34,magnet:?xt=urn:btih:131a50628ef03291dbce68a002875e3b33c9fda5&dn=%5BOne%20Pace%5D%5B960-961%5D%20Wano%2034%20%5B1080p%5D%5B224B7846%5D.mkv&tr=http%3A%2F%2Fnyaa.tracker.wf%3A7777%2Fannounce&tr=udp%3A%2F%2Fopen.stealth.si%3A80%2Fannounce&tr=udp%3A%2F%2Ftracker.opentrackr.org%3A1337%2Fannounce&tr=udp%3A%2F%2Fexodus.desync.com%3A6969%2Fannounce&tr=udp%3A%2F%2Ftracker.torrent.eu.org%3A451%2Fannounce,1287301837
Wano,35,magnet:?xt=urn:btih:d46b4ffe4a5c2f71e35dc4fb72186ea8c772ca58&dn=%5BOne%20Pace%5D%5B962-963%5D%20Wano%2035%20%5B1080p%5D%5B98B5E26D%5D.mkv&tr=http%3A%2F%2Fnyaa.tracker.wf%3A7777%2Fannounce&tr=udp%3A%2F%2Fopen.stealth.si%3A80%2Fannounce&tr=udp%3A%2F%2Ftracker.opentrackr.org%3A1337%2Fannounce&tr=udp%3A%2F%2Fexodus.desync.com%3A6969%2Fannounce&tr=udp%3A%2F%2Ftracker.torrent.eu.org%3A451%2Fannounce,1830002034
Wano,36,magnet:?xt=urn:btih:ec75dd4f1d60dc71dbc41556e375dcb616ca54ae&dn=%5BOne%20Pace%5D%5B964-965%5D%20Wano%2036%20%5B1080p%5D%5BBAFFE801%5D.mkv&tr=http%3A%2F%2Fnyaa.tracker.wf%3A7777%2Fannounce&tr=udp%3A%2F%2Fopen.stealth.si%3A80%2Fannounce&tr=udp%3A%2F%2Ftracker.opentrackr.org%3A1337%2Fannounce&tr=udp%3A%2F%2Fexodus.desync.com%3A6969%2Fannounce&tr=udp%3A%2F%2Ftracker.torrent.eu.org%3A451%2Fannounce,1669514240
Wano,37,magnet:?xt=urn:btih:904b90a8508bdfd00fe31a6cd901af116ac838ce&dn=%5BOne%20Pace%5D%5B965-966%5D%20Wano%2037%20%5B1080p%5D%5BAD8C9C16%5D.mkv&tr=http%3A%2F%2Fnyaa.tracker.wf%3A7777%2Fannounce&tr=udp%3A%2F%2Fopen.stealth.si%3A80%2Fannounce&tr=udp%3A%2F%2Ftracker.opentrackr.org%3A1337%2Fannounce&tr=udp%3A%2F%2Fexodus.desync.com%3A6969%2Fannounce&tr=udp%3A%2F%2Ftracker.torrent.eu.org%3A451%2Fannounce,1991945087
Wano,38,magnet:?xt=urn:btih:c7e226bf4c40fb20dc2cce2bf5e32f8b5cde5dbd&dn=%5BOne%20Pace%5D%5B967%5D%20Wano%2038%20%5B1080p%5D%5B298A4284%5D.mkv&tr=http%3A%2F%2Fnyaa.tracker.wf%3A7777%2Fannounce&tr=udp%3A%2F%2Fopen.stealth.si%3A80%2Fannounce&tr=udp%3A%2F%2Ftracker.opentrackr.org%3A1337%2Fannounce&tr=udp%3A%2F%2Fexodus.desync.com%3A6969%2Fannounce&tr=udp%3A%2F%2Ftracker.torrent.eu.org%3A451%2Fannounce,1089216267
Wano,39,magnet:?xt=urn:btih:93e937753ccf59b30e05c8a35cecbe56e1ceada3&dn=%5BOne%20Pace%5D%5B968-969%5D%20Wano%2039%20%5B1080p%5D%5B56CFB8B0%5D.mkv&tr=http%3A%2F%2Fnyaa.tracker.wf%3A7777%2Fannounce&tr=udp%3A%2F%2Fopen.stealth.si%3A80%2Fannounce&tr=udp%3A%2F%2Ftracker.opentrackr.org%3A1337%2Fannounce&tr=udp%3A%2F%2Fexodus.desync.com%3A6969%2Fannounce&tr=udp%3A%2F%2Ftracker.torrent.eu.org%3A451%2Fannounce,1852209160
Wano,40,magnet:?xt=urn:btih:bb2c6ec947742838a7daac23c54c87613eac604e&dn=%5BOne%20Pace%5D%5B970-972%5D%20Wano%2040%20%5B1080p%5D%5B713F7916%5D.mkv&tr=http%3A%2F%2Fnyaa.tracker.wf%3A7777%2Fannounce&tr=udp%3A%2F%2Fopen.stealth.si%3A80%2Fannounce&tr=udp%3A%2F%2Ftracker.opentrackr.org%3A1337%2Fannounce&tr=udp%3A%2F%2Fexodus.desync.com%3A6969%2Fannounce&tr=udp%3A%2F%2Ftracker.torrent.eu.org%3A451%2Fannounce,2686573448
Wano,41,magnet:?xt=urn:btih:6fb0ceb05a74e832246ddf23263d5d9a53290c9a&dn=%5BOne%20Pace%5D%5B972-974%5D%20Wano%2041%20%5B1080p%5D%5BC89B4C1E%5D.mkv&tr=http%3A%2F%2Fnyaa.tracker.wf%3A7777%2Fannounce&tr=udp%3A%2F%2Fopen.stealth.si%3A80%2Fannounce&tr=udp%3A%2F%2Ftracker.opentrackr.org%3A1337%2Fannounce&tr=udp%3A%2F%2Fexodus.desync.com%3A6969%2Fannounce&tr=udp%3A%2F%2Ftracker.torrent.eu.org%3A451%2Fannounce,2270450535
Wano,42,magnet:?xt=urn:btih:873fe3265ca245d9209c76404b20cab6771896a9&dn=%5BOne%20Pace%5D%5B975-976%5D%20Wano%2042%20%5B1080p%5D%5B3FC81ABD%5D.mkv&tr=http%3A%2F%2Fnyaa.tracker.wf%3A7777%2Fannounce&tr=udp%3A%2F%2Fopen.stealth.si%3A80%2Fannounce&tr=udp%3A%2F%2Ftracker.opentrackr.org%3A1337%2Fannounce&tr=udp%3A%2F%2Fexodus.desync.com%3A6969%2Fannounce&tr=udp%3A%2F%2Ftracker.torrent.eu.org%3A451%2Fannounce,1969607499
Wano,43,magnet:?xt=urn:btih:352e9177eaa9a12b4ff56213dc6f1cdda883187b&dn=%5BOne%20Pace%5D%5B977-978%5D%20Wano%2043%20%5B1080p%5D%5B26D98629%5D.mkv&tr=http%3A%2F%2Fnyaa.tracker.wf%3A7777%2Fannounce&tr=udp%3A%2F%2Fopen.stealth.si%3A80%2Fannounce&tr=udp%3A%2F%2Ftracker.opentrackr.org%3A1337%2Fannounce&tr=udp%3A%2F%2Fexodus.desync.com%3A6969%2Fannounce&tr=udp%3A%2F%2Ftracker.torrent.eu.org%3A451%2Fannounce,1123334636
Wano,44,magnet:?xt=urn:btih:15ad09f1b9bbf4b438194eac7be8f63a38e82ea7&dn=%5BOne%20Pace%5D%5B978-979%5D%20Wano%2044%20%5B1080p%5D%5BF1FB27C6%5D.mkv&tr=http%3A%2F%2Fnyaa.tracker.wf%3A7777%2Fannounce&tr=udp%3A%2F%2Fopen.stealth.si%3A80%2Fannounce&tr=udp%3A%2F%2Ftracker.opentrackr.org%3A1337%2Fannounce&tr=udp%3A%2F%2Fexodus.desync.com%3A6969%2Fannounce&tr=udp%3A%2F%2Ftracker.torrent.eu.org%3A451%2Fannounce,1065708113
Wano,45,magnet:?xt=urn:btih:1a4a34e36f79f59d7d72dd8f112407eea5f40063&dn=%5BOne%20Pace%5D%5B980-981%5D%20Wano%2045%20%5B1080p%5D%5BDFB30A71%5D.mkv&tr=http%3A%2F%2Fnyaa.tracker.wf%3A7777%2Fannounce&tr=udp%3A%2F%2Fopen.stealth.si%3A80%2Fannounce&tr=udp%3A%2F%2Ftracker.opentrackr.org%3A1337%2Fannounce&tr=udp%3A%2F%2Fexodus.desync.com%3A6969%2Fannounce&tr=udp%3A%2F%2Ftracker.torrent.eu.org%3A451%2Fannounce,1584857170
Wano,46,magnet:?xt=urn:btih:6441af56098ceb15f3f501c23c1dcf86923c3e82&dn=%5BOne%20Pace%5D%5B982-983%5D%20Wano%2046%20%5B1080p%5D%5B7392F65E%5D.mkv&tr=http%3A%2F%2Fnyaa.tracker.wf%3A7777%2Fannounce&tr=udp%3A%2F%2Fopen.stealth.si%3A80%2Fannounce&tr=udp%3A%2F%2Ftracker.opentrackr.org%3A1337%2Fannounce&tr=udp%3A%2F%2Fexodus.desync.com%3A6969%2Fannounce&tr=udp%3A%2F%2Ftracker.torrent.eu.org%3A451%2Fannounce,1634713502
Wano,47,magnet:?xt=urn:btih:e1775d91e437c828110f9f4444144486d3f061df&dn=%5BOne%20Pace%5D%5B984-985%5D%20Wano%2047%20%5B1080p%5D%5BD78E29CD%5D.mkv&tr=http%3A%2F%2Fnyaa.tracker.wf%3A7777%2Fannounce&tr=udp%3A%2F%2Fopen.stealth.si%3A80%2Fannounce&tr=udp%3A%2F%2Ftracker.opentrackr.org%3A1337%2Fannounce&tr=udp%3A%2F%2Fexodus.desync.com%3A6969%2Fannounce&tr=udp%3A%2F%2Ftracker.torrent.eu.org%3A451%2Fannounce,1528804130
Wano,48,magnet:?xt=urn:btih:e370cb1c0ff7e903871c512ce31e0468a26aa333&dn=%5BOne%20Pace%5D%5B986-987%5D%20Wano%2048%20%5B1080p%5D%5BF47C3EDD%5D.mkv&tr=http%3A%2F%2Fnyaa.tracker.wf%3A7777%2Fannounce&tr=udp%3A%2F%2Fopen.stealth.si%3A80%2Fannounce&tr=udp%3A%2F%2Ftracker.opentrackr.org%3A1337%2Fannounce&tr=udp%3A%2F%2Fexodus.desync.com%3A6969%2Fannounce&tr=udp%3A%2F%2Ftracker.torrent.eu.org%3A451%2Fannounce,1754267720
Wano,49,magnet:?xt=urn:btih:27241175a0cd443f73df94dcbd44abef2a22176f&dn=%5BOne%20Pace%5D%5B988-989%5D%20Wano%2049%20%5B1080p%5D%5BFE878EE8%5D.mkv&tr=http%3A%2F%2Fnyaa.tracker.wf%3A7777%2Fannounce&tr=udp%3A%2F%2Fopen.stealth.si%3A80%2Fannounce&tr=udp%3A%2F%2Ftracker.opentrackr.org%3A1337%2Fannounce&tr=udp%3A%2F%2Fexodus.desync.com%3A6969%2Fannounce&tr=udp%3A%2F%2Ftracker.torrent.eu.org%3A451%2Fannounce,1640751813
Wano,50,magnet:?xt=urn:btih:4a05c56e0078216f691cf8e356fa1fa681f893d1&dn=%5BOne%20Pace%5D%5B990-991%5D%20Wano%2050%20%5B1080p%5D%5B0144BBBA%5D.mkv&tr=http%3A%2F%2Fnyaa.tracker.wf%3A7777%2Fannounce&tr=udp%3A%2F%2Fopen.stealth.si%3A80%2Fannounce&tr=udp%3A%2F%2Ftracker.opentrackr.org%3A1337%2Fannounce&tr=udp%3A%2F%2Fexodus.desync.com%3A6969%2Fannounce&tr=udp%3A%2F%2Ftracker.torrent.eu.org%3A451%2Fannounce,1666960424
Wano,51,magnet:?xt=urn:btih:4a1b7e6a9ae811cb5f8902b09312380c80336ebb&dn=%5BOne%20Pace%5D%5B992-993%5D%20Wano%2051%20%5B1080p%5D%5BE004EDB5%5D.mkv&tr=http%3A%2F%2Fnyaa.tracker.wf%3A7777%2Fannounce&tr=udp%3A%2F%2Fopen.stealth.si%3A80%2Fannounce&tr=udp%3A%2F%2Ftracker.opentrackr.org%3A1337%2Fannounce&tr=udp%3A%2F%2Fexodus.desync.com%3A6969%2Fannounce&tr=udp%3A%2F%2Ftracker.torrent.eu.org%3A451%2Fannounce,2699779932
Wano,52,magnet:?xt=urn:btih:bb8bc26b08683ec1eedc75183d438bfde544c549&dn=%5BOne%20Pace%5D%5B994-995%5D%20Wano%2052%20%5B1080p%5D%5BD985734A%5D.mkv&tr=http%3A%2F%2Fnyaa.tracker.wf%3A7777%2Fannounce&tr=udp%3A%2F%2Fopen.stealth.si%3A80%2Fannounce&tr=udp%3A%2F%2Ftracker.opentrackr.org%3A1337%2Fannounce&tr=udp%3A%2F%2Fexodus.desync.com%3A6969%2Fannounce&tr=udp%3A%2F%2Ftracker.torrent.eu.org%3A451%2Fannounce,1230382080
Wano,53,magnet:?xt=urn:btih:8148a05d33c5bccb9a11bf98e8c696aebee01d31&dn=%5BOne%20Pace%5D%5B996-997%5D%20Wano%2053%20%5B1080p%5D%5BC99E7631%5D.mkv&tr=http%3A%2F%2Fnyaa.tracker.wf%3A7777%2Fannounce&tr=udp%3A%2F%2Fopen.stealth.si%3A80%2Fannounce&tr=udp%3A%2F%2Ftracker.opentrackr.org%3A1337%2Fannounce&tr=udp%3A%2F%2Fexodus.desync.com%3A6969%2Fannounce&tr=udp%3A%2F%2Ftracker.torrent.eu.org%3A451%2Fannounce,1600332625
Wano,54,magnet:?xt=urn:btih:0b65bb220a3d2c9fd72ff93aaef9279caa224523&dn=%5BOne%20Pace%5D%5B998-999%5D%20Wano%2054%20%5B1080p%5D%5B79C6DC33%5D.mkv&tr=http%3A%2F%2Fnyaa.tracker.wf%3A7777%2Fannounce&tr=udp%3A%2F%2Fopen.stealth.si%3A80%2Fannounce&tr=udp%3A%2F%2Ftracker.opentrackr.org%3A1337%2Fannounce&tr=udp%3A%2F%2Fexodus.desync.com%3A6969%2Fannounce&tr=udp%3A%2F%2Ftracker.torrent.eu.org%3A451%2Fannounce,1659024990
Wano,55,magnet:?xt=urn:btih:9806712382cf97d7c7e190bf20cbd1a6284e6906&dn=%5BOne%20Pace%5D%5B1000%5D%20Wano%2055%20%5B1080p%5D%5B2501AC5A%5D.mkv&tr=http%3A%2F%2Fnyaa.tracker.wf%3A7777%2Fannounce&tr=udp%3A%2F%2Fopen.stealth.si%3A80%2Fannounce&tr=udp%3A%2F%2Ftracker.opentrackr.org%3A1337%2Fannounce&tr=udp%3A%2F%2Fexodus.desync.com%3A6969%2Fannounce&tr=udp%3A%2F%2Ftracker.torrent.eu.org%3A451%2Fannounce,471708558
Wano,56,magnet:?xt=urn:btih:4dd76792a4f94f06751a88f93cefc17515b3b3ed&dn=%5BOne%20Pace%5D%5B1001-1002%5D%20Wano%2056%20%5B1080p%5D%5BE58B9A11%5D.mkv&tr=http%3A%2F%2Fnyaa.tracker.wf%3A7777%2Fannounce&tr=udp%3A%2F%2Fopen.stealth.si%3A80%2Fannounce&tr=udp%3A%2F%2Ftracker.opentrackr.org%3A1337%2Fannounce&tr=udp%3A%2F%2Fexodus.desync.com%3A6969%2Fannounce&tr=udp%3A%2F%2Ftracker.torrent.eu.org%3A451%2Fannounce,1379910730
Wano,57,magnet:?xt=urn:btih:209e947276c73a3df876d6479ae78b822e76b2e7&dn=%5BOne%20Pace%5D%5B1003-1004%5D%20Wano%2057%20%5B1080p%5D%5BF1EE1824%5D.mkv&tr=http%3A%2F%2Fnyaa.tracker.wf%3A7777%2Fannounce&tr=udp%3A%2F%2Fopen.stealth.si%3A80%2Fannounce&tr=udp%3A%2F%2Ftracker.opentrackr.org%3A1337%2Fannounce&tr=udp%3A%2F%2Fexodus.desync.com%3A6969%2Fannounce&tr=udp%3A%2F%2Ftracker.torrent.eu.org%3A451%2Fannounce,1301422489
Wano,58,magnet:?xt=urn:btih:cf8c8201209a4c17b43911b02163834f1fe4db86&dn=%5BOne%20Pace%5D%5B1005-1006%5D%20Wano%2058%20%5B1080p%5D%5BA0FCAB46%5D.mkv&tr=http%3A%2F%2Fnyaa.tracker.wf%3A7777%2Fannounce&tr=udp%3A%2F%2Fopen.stealth.si%3A80%2Fannounce&tr=udp%3A%2F%2Ftracker.opentrackr.org%3A1337%2Fannounce&tr=udp%3A%2F%2Fexodus.desync.com%3A6969%2Fannounce&tr=udp%3A%2F%2Ftracker.torrent.eu.org%3A451%2Fannounce,1493617186
Wano,59,magnet:?xt=urn:btih:8591276ee893656f5cc68805f0e0d1578f3f5486&dn=%5BOne%20Pace%5D%5B1007-1008%5D%20Wano%2059%20%5B1080p%5D%5B2ED1FD82%5D.mkv&tr=http%3A%2F%2Fnyaa.tracker.wf%3A7777%2Fannounce&tr=udp%3A%2F%2Fopen.stealth.si%3A80%2Fannounce&tr=udp%3A%2F%2Ftracker.opentrackr.org%3A1337%2Fannounce&tr=udp%3A%2F%2Fexodus.desync.com%3A6969%2Fannounce&tr=udp%3A%2F%2Ftracker.torrent.eu.org%3A451%2Fannounce,1422187702
Egghead,01,magnet:?xt=urn:btih:aa40134492bb9d86eb4b70632047db0e799d66d6&dn=%5BOne%20Pace%5D%5B1058-1059%5D%20Egghead%2001%20%5B1080p%5D%5BCA3F14A8%5D.mkv&tr=http%3A%2F%2Fnyaa.tracker.wf%3A7777%2Fannounce&tr=udp%3A%2F%2Fopen.stealth.si%3A80%2Fannounce&tr=udp%3A%2F%2Ftracker.opentrackr.org%3A1337%2Fannounce&tr=udp%3A%2F%2Fexodus.desync.com%3A6969%2Fannounce&tr=udp%3A%2F%2Ftracker.torrent.eu.org%3A451%2Fannounce,813013528
Egghead,02,magnet:?xt=urn:btih:56fc879f3e8a417a5be04a08204e48102e44fd82&dn=%5BOne%20Pace%5D%5B1059-1060%5D%20Egghead%2002%20%5B1080p%5D%5BD511F339%5D.mkv&tr=http%3A%2F%2Fnyaa.tracker.wf%3A7777%2Fannounce&tr=udp%3A%2F%2Fopen.stealth.si%3A80%2Fannounce&tr=udp%3A%2F%2Ftracker.opentrackr.org%3A1337%2Fannounce&tr=udp%3A%2F%2Fexodus.desync.com%3A6969%2Fannounce&tr=udp%3A%2F%2Ftracker.torrent.eu.org%3A451%2Fannounce,1032372608
Egghead,03,magnet:?xt=urn:btih:86eec1e4d07215a87e09ae1114b2fdfac7c7c115&dn=%5BOne%20Pace%5D%5B1060-1061%5D%20Egghead%2003%20%5B1080p%5D%5B5B546203%5D.mkv&tr=http%3A%2F%2Fnyaa.tracker.wf%3A7777%2Fannounce&tr=udp%3A%2F%2Fopen.stealth.si%3A80%2Fannounce&tr=udp%3A%2F%2Ftracker.opentrackr.org%3A1337%2Fannounce&tr=udp%3A%2F%2Fexodus.desync.com%3A6969%2Fannounce&tr=udp%3A%2F%2Ftracker.torrent.eu.org%3A451%2Fannounce,1129301161
Egghead,04,magnet:?xt=urn:btih:aaaa08557942a56c8de16d086f2a26abee18b6d5&dn=%5BOne%20Pace%5D%5B1062-1063%5D%20Egghead%2004%20%5B1080p%5D%5BACBE88D6%5D.mkv&tr=http%3A%2F%2Fnyaa.tracker.wf%3A7777%2Fannounce&tr=udp%3A%2F%2Fopen.stealth.si%3A80%2Fannounce&tr=udp%3A%2F%2Ftracker.opentrackr.org%3A1337%2Fannounce&tr=udp%3A%2F%2Fexodus.desync.com%3A6969%2Fannounce&tr=udp%3A%2F%2Ftracker.torrent.eu.org%3A451%2Fannounce,1095979571
Egghead,05,magnet:?xt=urn:btih:2bd887b544a4061a9b3974597268d7e8434d6212&dn=%5BOne%20Pace%5D%5B1064-1065%5D%20Egghead%2005%20%5B1080p%5D%5BC6E79353%5D.mkv&tr=http%3A%2F%2Fnyaa.tracker.wf%3A7777%2Fannounce&tr=udp%3A%2F%2Fopen.stealth.si%3A80%2Fannounce&tr=udp%3A%2F%2Ftracker.opentrackr.org%3A1337%2Fannounce&tr=udp%3A%2F%2Fexodus.desync.com%3A6969%2Fannounce&tr=udp%3A%2F%2Ftracker.torrent.eu.org%3A451%2Fannounce,1009547154
Egghead,06,magnet:?xt=urn:btih:aac0cb0e0a9d3fb1695e53887134887fb2f15a9e&dn=%5BOne%20Pace%5D%5B1066%5D%20Egghead%2006%20%5B1080p%5D%5B69F1BBD5%5D.mkv&tr=http%3A%2F%2Fnyaa.tracker.wf%3A7777%2Fannounce&tr=udp%3A%2F%2Fopen.stealth.si%3A80%2Fannounce&tr=udp%3A%2F%2Ftracker.opentrackr.org%3A1337%2Fannounce&tr=udp%3A%2F%2Fexodus.desync.com%3A6969%2Fannounce&tr=udp%3A%2F%2Ftracker.torrent.eu.org%3A451%2Fannounce,542421744
Egghead,07,magnet:?xt=urn:btih:6713e1c28dcb9a5532f99e291abefa13426a4333&dn=%5BOne%20Pace%5D%5B1067-1068%5D%20Egghead%2007%20%5B1080p%5D%5BA42DEAED%5D.mkv&tr=http%3A%2F%2Fnyaa.tracker.wf%3A7777%2Fannounce&tr=udp%3A%2F%2Fopen.stealth.si%3A80%2Fannounce&tr=udp%3A%2F%2Ftracker.opentrackr.org%3A1337%2Fannounce&tr=udp%3A%2F%2Fexodus.desync.com%3A6969%2Fannounce&tr=udp%3A%2F%2Ftracker.torrent.eu.org%3A451%2Fannounce,1042960079
Egghead,08,magnet:?xt=urn:btih:69509c80416517dc017f21d3b5712cdf066db8bb&dn=%5BOne%20Pace%5D%5B1069-1070%5D%20Egghead%2008%20%5B1080p%5D%5B4C1997F3%5D.mkv&tr=http%3A%2F%2Fnyaa.tracker.wf%3A7777%2Fannounce&tr=udp%3A%2F%2Fopen.stealth.si%3A80%2Fannounce&tr=udp%3A%2F%2Ftracker.opentrackr.org%3A1337%2Fannounce&tr=udp%3A%2F%2Fexodus.desync.com%3A6969%2Fannounce&tr=udp%3A%2F%2Ftracker.torrent.eu.org%3A451%2Fannounce,1202179599
Egghead,09,magnet:?xt=urn:btih:d62537c7d70f3a8b9d20ec11b593c138bb9b25d1&dn=%5BOne%20Pace%5D%5B1071-1072%5D%20Egghead%2009%20%5B1080p%5D%5B29B2D72D%5D.mkv&tr=http%3A%2F%2Fnyaa.tracker.wf%3A7777%2Fannounce&tr=udp%3A%2F%2Fopen.stealth.si%3A80%2Fannounce&tr=udp%3A%2F%2Ftracker.opentrackr.org%3A1337%2Fannounce&tr=udp%3A%2F%2Fexodus.desync.com%3A6969%2Fannounce&tr=udp%3A%2F%2Ftracker.torrent.eu.org%3A451%2Fannounce,999784418
Egghead,10,magnet:?xt=urn:btih:a62e157454b08c89e602aad942c7468f9748b919&dn=%5BOne%20Pace%5D%5B1073-1074%5D%20Egghead%2010%20%5B1080p%5D%5B2B00E24B%5D.mkv&tr=http%3A%2F%2Fnyaa.tracker.wf%3A7777%2Fannounce&tr=udp%3A%2F%2Fopen.stealth.si%3A80%2Fannounce&tr=udp%3A%2F%2Ftracker.opentrackr.org%3A1337%2Fannounce&tr=udp%3A%2F%2Fexodus.desync.com%3A6969%2Fannounce&tr=udp%3A%2F%2Ftracker.torrent.eu.org%3A451%2Fannounce,901129219
Egghead,11,magnet:?xt=urn:btih:2137e92a3febe8d7865fac2b7625d1647f7ef6a7&dn=%5BOne%20Pace%5D%5B1075-1076%5D%20Egghead%2011%20%5B1080p%5D%5B448628C9%5D.mkv&tr=http%3A%2F%2Fnyaa.tracker.wf%3A7777%2Fannounce&tr=udp%3A%2F%2Fopen.stealth.si%3A80%2Fannounce&tr=udp%3A%2F%2Ftracker.opentrackr.org%3A1337%2Fannounce&tr=udp%3A%2F%2Fexodus.desync.com%3A6969%2Fannounce&tr=udp%3A%2F%2Ftracker.torrent.eu.org%3A451%2Fannounce,907755158
Egghead,12,magnet:?xt=urn:btih:748f223628b66fa402bc3b647369098e9e2d6200&dn=%5BOne%20Pace%5D%5B1077-1078%5D%20Egghead%2012%20%5B1080p%5D%5B6FEADFF5%5D.mkv&tr=http%3A%2F%2Fnyaa.tracker.wf%3A7777%2Fannounce&tr=udp%3A%2F%2Fopen.stealth.si%3A80%2Fannounce&tr=udp%3A%2F%2Ftracker.opentrackr.org%3A1337%2Fannounce&tr=udp%3A%2F%2Fexodus.desync.com%3A6969%2Fannounce&tr=udp%3A%2F%2Ftracker.torrent.eu.org%3A451%2Fannounce,909863339
Egghead,13,magnet:?xt=urn:btih:7649738b740f660e286a2364114179ec5e0ca997&dn=%5BOne%20Pace%5D%5B1079%5D%20Egghead%2013%20%5B1080p%5D%5B6C170189%5D.mkv&tr=http%3A%2F%2Fnyaa.tracker.wf%3A7777%2Fannounce&tr=udp%3A%2F%2Fopen.stealth.si%3A80%2Fannounce&tr=udp%3A%2F%2Ftracker.opentrackr.org%3A1337%2Fannounce&tr=udp%3A%2F%2Fexodus.desync.com%3A6969%2Fannounce&tr=udp%3A%2F%2Ftracker.torrent.eu.org%3A451%2Fannounce,626921989
Egghead,14,magnet:?xt=urn:btih:c3a348f1134137296151a65871ba511f76421502&dn=%5BOne%20Pace%5D%5B1080-1081%5D%20Egghead%2014%20%5B1080p%5D%5B3C0010BE%5D.mkv&tr=http%3A%2F%2Fnyaa.tracker.wf%3A7777%2Fannounce&tr=udp%3A%2F%2Fopen.stealth.si%3A80%2Fannounce&tr=udp%3A%2F%2Ftracker.opentrackr.org%3A1337%2Fannounce&tr=udp%3A%2F%2Fexodus.desync.com%3A6969%2Fannounce&tr=udp%3A%2F%2Ftracker.torrent.eu.org%3A451%2Fannounce,1479283122
Egghead,15,magnet:?xt=urn:btih:e43a7f5dcde3876aef00bb50d3bfa255993a3736&dn=%5BOne%20Pace%5D%5B1082-1083%5D%20Egghead%2015%20%5B1080p%5D%5B21BF9495%5D.mkv&tr=http%3A%2F%2Fnyaa.tracker.wf%3A7777%2Fannounce&tr=udp%3A%2F%2Fopen.stealth.si%3A80%2Fannounce&tr=udp%3A%2F%2Ftracker.opentrackr.org%3A1337%2Fannounce&tr=udp%3A%2F%2Fexodus.desync.com%3A6969%2Fannounce&tr=udp%3A%2F%2Ftracker.torrent.eu.org%3A451%2Fannounce,1024759951
Egghead,16,magnet:?xt=urn:btih:531d70c452d0baef273ede6eb93b2cf8929ba89c&dn=%5BOne%20Pace%5D%5B1084-1085%5D%20Egghead%2016%20%5B1080p%5D%5B7A93DCC5%5D.mkv&tr=http%3A%2F%2Fnyaa.tracker.wf%3A7777%2Fannounce&tr=udp%3A%2F%2Fopen.stealth.si%3A80%2Fannounce&tr=udp%3A%2F%2Ftracker.opentrackr.org%3A1337%2Fannounce&tr=udp%3A%2F%2Fexodus.desync.com%3A6969%2Fannounce&tr=udp%3A%2F%2Ftracker.torrent.eu.org%3A451%2Fannounce,817147447
Egghead,17,magnet:?xt=urn:btih:e0f3e1d51a96441941c30534d0e962c7e1426cb0&dn=%5BOne%20Pace%5D%5B1085-1086%5D%20Egghead%2017%20%5B1080p%5D%5B76281ED9%5D.mkv&tr=http%3A%2F%2Fnyaa.tracker.wf%3A7777%2Fannounce&tr=udp%3A%2F%2Fopen.stealth.si%3A80%2Fannounce&tr=udp%3A%2F%2Ftracker.opentrackr.org%3A1337%2Fannounce&tr=udp%3A%2F%2Fexodus.desync.com%3A6969%2Fannounce&tr=udp%3A%2F%2Ftracker.torrent.eu.org%3A451%2Fannounce,629155808
Egghead,18,magnet:?xt=urn:btih:5c75cb08152979cf745ddc3b0ef240eca6551d91&dn=%5BOne%20Pace%5D%5B1087-1088%5D%20Egghead%2018%20%5B1080p%5D%5B24DEE374%5D.mkv&tr=http%3A%2F%2Fnyaa.tracker.wf%3A7777%2Fannounce&tr=udp%3A%2F%2Fopen.stealth.si%3A80%2Fannounce&tr=udp%3A%2F%2Ftracker.opentrackr.org%3A1337%2Fannounce&tr=udp%3A%2F%2Fexodus.desync.com%3A6969%2Fannounce&tr=udp%3A%2F%2Ftracker.torrent.eu.org%3A451%2Fannounce,2026168504
Egghead,19,magnet:?xt=urn:btih:a730af57f74d14bd063173ed8985a8e59f5b0706&dn=%5BOne%20Pace%5D%5B1089-1090%5D%20Egghead%2019%20%5B1080p%5D%5B73E70A0E%5D.mkv&tr=http%3A%2F%2Fnyaa.tracker.wf%3A7777%2Fannounce&tr=udp%3A%2F%2Fopen.stealth.si%3A80%2Fannounce&tr=udp%3A%2F%2Ftracker.opentrackr.org%3A1337%2Fannounce&tr=udp%3A%2F%2Fexodus.desync.com%3A6969%2Fannounce&tr=udp%3A%2F%2Ftracker.torrent.eu.org%3A451%2Fannounce,1067454815
Egghead,20,magnet:?xt=urn:btih:14e21e5e2fd27144364c8087534c820353a7df68&dn=%5BOne%20Pace%5D%5B1091-1092%5D%20Egghead%2020%20%5B1080p%5D%5BB974EFD7%5D.mkv&tr=http%3A%2F%2Fnyaa.tracker.wf%3A7777%2Fannounce&tr=udp%3A%2F%2Fopen.stealth.si%3A80%2Fannounce&tr=udp%3A%2F%2Ftracker.opentrackr.org%3A1337%2Fannounce&tr=udp%3A%2F%2Fexodus.desync.com%3A6969%2Fannounce&tr=udp%3A%2F%2Ftracker.torrent.eu.org%3A451%2Fannounce,830789838
Specials,,magnet:?xt=urn:btih:a3b449356e0e57fac111b7382d55d0a1fa5ddafb&dn=%5BOne%20Pace%5D%20Specials&tr=http%3A%2F%2Fnyaa.tracker.wf%3A7777%2Fannounce&tr=udp%3A%2F%2Fopen.stealth.si%3A80%2Fannounce&tr=udp%3A%2F%2Ftracker.opentrackr.org%3A1337%2Fannounce&tr=udp%3A%2F%2Fexodus.desync.com%3A6969%2Fannounce&tr=udp%3A%2F%2Ftracker.torrent.eu.org%3A451%2Fannounce,502159477
